vehicles,waiting,opposite,green_time
38,83.95809211139698,47,47.30261888855071
28,83.03806256432149,25,43.37830212251559
14,45.21346379748859,12,25.62622012116835
42,29.509559461643267,35,40.85363391526231
7,66.34191725609752,23,26.2149447455167
20,3.3041649134759976,40,19.304705871074475
38,42.72921054392861,25,37.711676593568136
18,30.26910548433002,20,22.48148336298427
22,82.84822965922992,17,37.783181964841305
10,1.0802724545414288,14,14.892199990098202
10,49.753338814651414,14,23.32157395271526
23,66.65972229599635,5,39.97376849003768
35,43.65161887716371,42,39.314321606497316
39,7.686272714644949,30,37.0045940252249
23,87.5215251025112,27,40.22792756527717
2,46.62093882384881,7,21.842509798679494
21,55.27676198871102,28,30.430248850504736
1,21.29488044367566,20,11.655668744666723
23,43.514827659612344,16,30.068989167641142
43,38.623454276248964,48,43.038489553193244
29,6.7406257801785365,23,32.130016860048805
37,9.55443181927205,49,29.763690930784747
1,75.37252676568971,35,16.184183476017633
20,21.58379569859312,30,21.90595540950552
32,17.546244434876748,46,27.708904342803034
11,45.44203061251253,33,19.18600054377513
21,69.18724182262616,1,36.326833063378544
43,5.575186672108913,41,35.474273785602705
24,51.912712767443026,2,38.201987492264145
48,10.728939855651603,29,37.26700604307262
26,3.281494574305661,7,26.74197588789823
41,4.746955694599565,6,38.824743548337096
27,75.07476973875973,11,40.13141883838263
15,10.617523526525542,18,20.39587301590089
14,4.063622797106276,25,16.627065124234743
46,39.41098984286211,27,45.135016725672294
50,75.95941247478223,14,56.36289927144317
43,23.616753884037173,13,43.420166356308215
2,37.95413557733247,47,10.413851866039241
36,3.59302793073761,13,30.502578009164846
50,40.417066272138825,2,52.82761190152964
6,51.98517725734203,49,14.76898893084868
20,51.38163483769303,28,26.783934366781192
8,29.918402295692864,5,21.092724615678346
38,28.397986259682195,48,34.75377893936447
17,9.59612570429381,22,18.786551906483037
3,33.01184885816416,27,15.110250259425383
24,8.954520198566819,13,27.48876866294046
13,68.99363502408464,13,31.42838408066408
49,86.96468679733673,19,59.249986869897086
8,87.30670110000362,12,28.050574165881113
25,77.85639894378545,26,41.757753893456304
1,54.07129344056572,34,17.529199744296882
19,63.07791275194919,44,27.414000713324285
27,25.668522241237266,1,33.86018833145969
46,56.769337815535856,40,47.91044944535849
6,41.00845944958897,44,15.723011978063072
43,43.38156057992393,39,46.51243409960574
7,68.19989043376421,47,17.599474692830338
46,25.37265200375265,23,40.872135519338705
34,28.62356505250679,28,30.72684133217592
13,83.2177612015773,2,35.60330434885592
16,5.060186536587502,44,16.700067183930326
35,43.707086857200636,3,43.51461543973113
49,82.15207203670755,49,52.80216581377251
39,54.93267070363413,1,48.949614728230785
3,49.176636679091885,19,18.492428306622262
1,22.47697613064197,14,14.576846592093677
5,30.894794015800343,48,14.69354731793129
41,76.68435742242237,31,47.5244954195774
3,50.32963185916123,41,15.440651449758224
28,46.32679743811019,0,38.61402871707699
17,8.962174218602604,37,20.99330140277978
25,1.442534080961081,34,21.061622704181303
43,86.73166698183442,50,52.14165901956008
33,33.92875505581575,6,36.053631670366606
9,54.28917558895539,44,23.044926319986693
35,7.174356586855649,12,35.838638136125226
13,61.48028571507419,48,23.88474206643504
30,83.93100378353648,0,49.61954818040167
47,51.80987276976777,13,50.310093479560386
14,11.35037901378695,28,16.02444990279252
7,52.3549374726129,2,28.483912406016195
13,68.97124917941872,45,25.061887526816825
22,36.57748829166168,23,30.61950245295981
39,79.1853973147321,0,55.35476230108983
20,58.3814658021628,47,30.238957198550423
15,80.93240264602822,9,36.53502387095114
44,56.11547801226035,12,51.58344776257862
17,11.81591748043418,35,21.12808977495522
46,27.87225399946702,8,47.20989426991927
23,18.161545342721123,13,27.703024912754394
25,81.79438479451761,35,35.870995845497134
24,68.43600605587343,9,39.773454935922075
44,60.87585320190055,39,49.181847394295865
40,27.086968766845953,22,37.91594935404221
28,16.564029484519217,34,27.35469245262046
14,68.08059791900206,6,33.36686579739839
44,42.67421512911717,41,46.209574620565974
0,20.32105969355662,34,10.0
24,55.49597803487476,1,39.336100584643816
6,3.630046692460678,14,12.11043552153051
8,29.355322871542818,8,18.923799421447534
23,42.17012951320212,46,25.798009372411023
0,13.316250069846525,16,10.0
43,88.61890298317556,38,53.121993480594945
7,18.818762813065284,17,15.658210010125128
23,11.7317817038939,14,27.774831276242193
10,18.318138649820675,17,15.869930041267859
50,69.21550198437518,23,56.78709460272133
16,38.295509334465855,22,26.42668867693119
7,50.88743457772842,11,20.411894026367303
34,1.890824128772467,22,33.890631296548264
34,3.09881777159831,20,32.0995734136511
32,40.124299484431454,25,38.20572135535648
4,73.49897188814612,7,28.762065874920502
41,79.67149908368087,29,52.22105014944313
38,7.803591083607619,33,32.9585133836052
40,48.45267918909205,1,48.990856104625216
27,82.19067176513434,4,41.11804810797083
6,34.917547895809776,30,17.47104206377004
8,74.66092482855318,32,29.197154981101885
7,12.032608895949258,3,15.465766848222325
11,84.18550407010189,5,35.618007856175105
33,67.62809857781724,22,46.87158741975749
32,84.72009535082115,44,44.12243280946238
47,60.89555101972558,18,54.429923654229086
22,32.70635387994843,42,22.50232586988605
23,84.43630552722502,44,34.51741294256731
36,24.801009867826064,7,41.96967250594536
34,29.89552698555593,38,35.99980570182512
43,63.07275762015663,12,51.90659365107382
39,68.87846695728476,0,50.54647018698759
21,83.64631354642384,5,41.248504804358916
26,18.432216815058855,6,34.46273687966405
34,71.81982316973016,47,40.91015989039518
0,66.46914480572671,26,20.792331138802872
34,5.741510062823808,14,34.194261933504144
36,34.85008270891863,33,35.88831469641642
46,25.44889113540887,22,42.812408940073304
13,27.404138191862735,47,20.58485416082453
2,88.46521915992308,48,23.033303723020307
0,57.84996721319351,23,16.75930820443896
4,64.59085420141496,14,22.99561227252392
25,87.89558735835082,34,38.007941830327056
13,33.94816042118748,3,27.57263540259958
38,72.16561516075254,43,44.07958937800976
26,39.107786697404585,36,30.14466600518179
8,78.25803046334818,16,30.53344336573051
14,16.259178718017285,30,15.19298250483403
14,85.29175593578516,37,31.23454550569949
25,19.68945375697917,9,30.06608835719707
41,29.359845628283836,49,36.65075209087868
12,68.05730106961025,26,27.012384616766152
50,35.437962740886604,41,44.517474434936304
31,54.7390239089802,5,42.46270576032652
38,40.01161509624856,5,41.83215010153062
48,66.81329433808037,14,55.18502871211979
31,20.549812713174976,3,34.25415266589339
3,5.26121885131893,47,10.0
29,26.993645772575963,39,30.242711466748773
36,42.687779838158725,6,41.84237447834336
22,15.121804697341071,50,23.458450264526753
38,31.931756069074982,48,35.506219161259715
44,35.998471646421166,44,43.49299105096779
14,5.165265931944619,46,12.409197498280356
42,52.49765233657841,25,44.58132772031247
28,79.59090851741587,30,37.692070673722135
35,13.656862165774719,1,36.09705728357088
12,53.80272120613626,27,24.645332435248733
31,59.826528441976166,41,37.66936173008698
6,37.74012123773595,12,21.342725736823322
50,63.0987828627843,17,56.319347351495864
21,36.96583891419108,29,30.014450318187826
27,45.41735591796914,10,34.70886844952143
1,0.6617740098984282,12,10.0
41,62.25481027212199,50,41.65062695152692
44,59.5208411050252,23,50.08263705960809
5,3.456078959371011,28,13.599726066029985
27,33.14250966556198,4,32.53564552290998
27,88.11286567125006,34,42.79766856349246
43,37.86629063117551,18,47.07053954447638
43,45.17508646186575,12,45.54956135029859
19,81.89371423437467,4,39.95139923668137
29,64.55356882791807,43,36.04084742262188
10,52.38631180118012,13,25.284930574630017
27,71.80242132069652,37,36.92438047238181
24,77.79296398103759,21,38.75884204030239
38,41.119926456354015,8,45.935044843985715
32,42.759752843865186,48,33.59366829028137
0,34.74458420866522,39,10.0
26,87.00355260166145,25,41.98870564265726
12,62.74496288613154,44,20.104725751877364
40,7.490075958726506,4,37.26422301538902
2,77.66636609817166,28,25.23045549213304
38,43.250394675264126,21,41.809388306077345
5,6.187851578023872,48,10.0
7,49.47455296469799,2,24.84085020885125
26,37.54478510781318,27,33.132196887363776
8,78.99744643763624,37,28.506972147725747
36,18.359514324844863,13,36.01985062773816
32,74.38181485429647,46,39.520324459441895
50,50.191982206690746,13,52.64205195939241
41,4.914927289212214,42,35.44130711278171
43,87.46607711929362,10,56.207298793216644
23,46.135371969287995,8,38.45883387663998
14,26.178916880842426,37,19.163767043779078
31,42.24661577903323,46,36.776294370642134
31,77.207200516574,43,38.90537909949776
23,27.441281194655716,5,28.058562106816638
40,17.340875683803027,0,41.265317350400295
48,11.616412223779331,24,44.60205630578819
48,26.807345855119014,15,45.757510392378315
11,70.20432783360391,14,28.40779171246427
38,42.44637286757355,33,42.189303965744614
1,20.4733443324186,16,13.804868340293192
2,14.956649964877428,2,12.506499689575723
48,29.94565288593412,2,47.58735797713125
36,84.5931935597138,36,48.37722293462653
48,30.872404133102194,16,44.11073966035447
16,88.93116683591718,48,33.945280399283774
48,43.670741018882055,37,48.16780578639988
1,16.124752646113578,0,10.0
1,80.20260826141585,6,25.871658201908378
27,41.43198358213442,25,29.478660396146694
22,63.8704209154072,46,28.863905850353934
36,88.53404248882366,38,46.20086647595148
31,4.51578152879766,18,27.367579177236227
32,8.702510380881042,29,34.226823887064654
0,64.84110673164805,42,18.39633745355797
18,25.36425029659248,13,28.45772814564462
1,16.587125725508916,12,11.936852128405416
43,3.5425691837756546,19,38.01944865036313
25,1.9662040787581625,25,27.304694900548665
31,69.70370428078118,26,42.608205644212276
5,12.0990084632595,24,13.544285295547454
31,42.09485543740358,8,37.09661191719351
3,54.53071336615347,40,15.174519064879647
10,38.55166205119616,47,18.182412375413044
16,2.4395987102609795,11,20.783858416471343
37,70.5151352329118,9,46.65884479805167
23,0.9461902087488139,5,26.256151974205473
4,68.57009049397357,49,16.720678894308286
33,80.39740444093104,33,44.257141287633594
5,38.95559289514551,40,12.41614398801476
21,48.19882257880184,18,34.29574569212827
10,42.92850533558884,5,24.21325682984821
47,35.02877567610949,1,48.368618116185836
15,79.86820818333243,14,32.08216507056238
32,80.45401596029915,16,43.60683247216351
8,30.223472817738106,15,20.26751504092237
5,55.356277861322816,27,22.528859351535626
15,83.42168059312777,20,35.99180168722237
28,86.58526490472164,7,48.66023610598882
2,45.80631363798428,9,22.707623643735374
19,40.75423247558941,9,32.01670022579035
35,25.08248843356732,49,31.1607119691868
18,86.2984685871369,9,38.8486558122686
25,12.853287402558063,8,24.35672671155822
2,52.18466184429525,27,19.062092644422677
18,25.4295240766775,23,24.534435836122096
19,25.110746131301696,18,28.81260531806723
31,36.44717286385696,32,32.70271604952017
6,89.89136422340891,3,32.75930411271197
40,4.946967615583986,2,36.68270539562462
32,52.06876363831783,41,36.44368587914415
39,7.431494223174946,11,33.865767072655245
38,13.906874699146707,17,39.54346763309222
17,39.56066475956088,22,28.617431729207695
39,45.94141182117972,19,42.69291358736196
0,23.29131675280716,5,14.431933991704506
10,28.481141778697456,33,17.823199412421346
27,7.827031823033975,41,23.090618795164165
24,27.28978054598255,1,32.354343431926104
49,86.99025954424897,29,56.4625087954774
22,85.02366435052335,8,43.16541021054019
30,30.13904611232865,26,32.706192573453315
29,51.37685426508854,41,39.20644180730942
41,81.863585199985,33,49.96702147690835
34,0.5565440376807007,39,28.286850297706273
6,72.96152133038326,23,26.39862130950002
15,85.35325975100271,48,32.044753958671585
25,8.219316090020136,16,26.899812141641494
47,14.530291742962893,28,42.6188173459819
48,86.46716724942199,35,56.00904137822465
1,48.37861292763117,49,11.46855729403392
0,1.2776971024551331,11,10.0
47,23.186879888717623,30,44.435871222047645
11,40.494930684197364,48,21.633448186859965
4,62.36180199222909,8,20.81045397186121
36,65.98443403231197,18,42.8277620495266
31,89.58793616329105,45,39.97914459214473
8,25.876007944538312,45,15.575490690130524
40,48.439809168162775,16,47.005167746881554
34,47.99911930736445,1,41.29714522296335
18,36.50807335025137,39,28.463187375405074
47,15.224570445817818,4,44.57498103154666
15,87.97109068654584,38,35.265507577507606
2,76.79854679999275,47,21.32679087664294
19,44.84997254648135,15,28.103792881971877
23,54.292088041562685,16,33.72235221894226
32,20.453494820369606,26,30.84586465883516
23,48.940836335257224,6,32.29952867183827
10,62.547311980932825,7,27.953019842953378
48,46.36503255479299,7,49.42580620703271
7,89.12566535264472,22,29.07523834853716
35,55.02074906229536,31,44.7200631939644
37,33.387634133295215,42,37.67090314256682
39,69.49368248542542,46,43.184476719888266
19,15.341626042347784,17,22.540878567416723
34,34.60642323356399,37,34.36904403437098
47,31.226305533982725,11,51.637526294318086
24,38.86263855969995,14,30.29581880979398
34,70.36018433358537,27,43.818498820998585
24,43.575572894706674,37,30.895840426404995
28,71.46130052393664,49,38.97323754803689
17,51.88400128258793,30,27.111458659491987
45,30.78624911917998,8,44.53189843565702
17,72.89808693151252,7,36.00861883123677
1,21.446070349778243,45,10.868541531906402
34,20.194468181981595,18,34.593127030877056
15,45.40526316493522,50,20.40221701166761
40,23.476432136588002,7,41.86570018578585
35,0.817833145609469,33,26.46639245785222
32,58.346777456892134,3,43.18203777687489
3,45.99844393251582,30,19.15574015288774
32,40.09660330438451,37,36.61901431511622
13,87.02716631564839,2,35.91770471534684
20,51.40792655666223,34,32.500244097561584
47,77.7088420010446,18,59.56151813602691
19,12.550521258464416,42,20.838276709233323
7,51.22858168164849,28,18.010173655019184
6,78.11816640578127,9,24.713809870412252
2,52.47951815519082,11,23.01288395991321
16,64.62127603143014,45,27.863711042606063
32,33.483921103098666,29,38.017892577317525
47,8.320456533335994,29,37.536725823576184
11,41.21102656143643,17,23.06983483584865
50,35.503145175497174,23,50.709010215506595
21,78.03541641410526,31,34.197508307844004
21,21.9595772117225,8,29.92148556165954
45,87.00608047815973,46,51.75565704107328
29,86.23243078240465,23,44.152607769248746
37,22.286847876429484,25,34.2401037820569
37,31.324675992958845,2,42.3677072763068
44,80.60001667864965,22,58.00558270025868
50,86.99599988064968,10,60.0
7,39.909519255243964,9,19.9484553032706
26,28.889734107680802,49,29.41902998169226
26,47.34846119263878,35,30.896549184341904
33,61.89922857291613,12,47.12205219286062
20,24.612706383748183,28,22.17262301998535
29,66.28258571571655,37,38.55193395772587
32,4.649162140317693,12,34.58245741943584
27,4.43650434879748,25,24.303662612571205
46,34.76589346309907,19,46.4694988594184
32,31.812587285464854,4,40.47709594180104
4,28.406989383043705,19,11.120355931945365
47,44.1917786402019,13,51.64212322915033
18,28.86602240804141,44,21.597351499774
3,17.303212662128274,13,16.494550839550527
34,27.852259417974082,7,36.66545731250211
48,87.74138455292115,47,51.32472518520108
16,37.000207529536375,12,25.713968516047988
43,40.02414991725022,23,43.526997044221616
27,51.8890490956026,14,36.764837866188394
29,88.50066915728038,50,39.562974412355445
28,21.74411487921867,0,29.9330258283156
45,61.315389947919044,21,50.42316525057757
5,64.43862241875517,33,21.901317902800297
34,54.659197511375936,49,36.99535461735726
40,7.972050567297967,50,32.668066603463345
36,60.918504824481886,39,41.703597121629635
23,5.768523993255793,2,24.18971769630165
28,53.652838459490724,25,35.97886219397306
48,66.56230594995684,13,55.190261027797725
45,18.987290155795538,40,38.82311676890725
30,75.74598067884966,7,42.11361589451272
34,2.7318424979703835,48,29.592594389730678
32,75.94315772924755,15,43.39432023905982
20,41.42961455784886,41,23.651529722325975
31,19.582914593848002,20,32.698220051548475
22,12.04003304945712,9,25.826492935453043
32,85.79764508241352,24,47.162412203703916
2,6.539902882304104,37,10.0
17,17.91840779423331,21,23.774811262422762
24,31.304011268974136,48,25.85723623328997
41,55.82113640650084,47,43.92082213010284
30,49.032097674848856,46,30.786393344373604
2,11.307914317108258,45,10.0
39,26.075518536439315,3,41.255444425131195
45,21.487659397742167,3,49.287407703678255
23,19.218856904130725,29,27.843371334781917
49,37.002990283198834,1,51.156026890620886
31,63.36283073324912,28,40.2153874034584
46,19.570763899551235,42,42.18227600872721
21,33.00109917326833,35,21.529982174914828
22,35.1825684157046,20,29.11605211620988
1,87.88108764918691,20,28.679065010718123
26,85.9199721191162,47,40.02370160387333
41,72.01238244768683,20,48.42704873979325
1,21.749302873726666,3,15.228809796986827
25,6.123358268250271,0,26.771285262704474
16,28.52137239485623,25,22.471340733247967
39,24.011509449044777,50,35.269977127963685
32,45.53332201317545,1,42.37631476584973
8,69.99551190610137,8,29.857939829643346
42,77.24906449909722,44,50.717387453738645
47,76.03776768694577,17,53.17010104883764
38,32.3708005100761,47,36.07220215751491
28,61.85109091146146,47,33.21952398634384
41,28.1550777771798,41,37.383302761214175
25,5.481498891166444,40,21.087424558625766
34,63.14087390426481,10,45.92698175408835
49,0.8844797312809061,24,42.982934366136064
24,36.82643287126397,25,32.629315022217604
23,29.644134237186815,35,24.568480685399248
12,62.40397846669672,41,24.48419960050135
6,68.9620925484341,34,20.626614724203154
35,27.368517237415546,37,32.0912469914924
44,73.04643130003682,2,53.785823511463214
19,26.45250844544404,40,23.277097070937113
0,40.16937239879051,34,13.971704565449395
7,65.43166743127206,49,21.944792499247882
45,62.36282063023097,39,49.307280941655144
15,88.863162508098,21,33.42693055423807
13,20.26449217943387,7,24.46841647432582
11,59.60861221856241,14,29.128282515655965
50,54.87137174481997,44,48.54889402960224
22,82.3588609041027,6,40.2219328367194
14,14.072592748038755,18,18.599435381881214
27,67.66183472282397,39,33.99868040954317
33,51.14417546418915,41,38.51088480392771
1,24.71992828091149,16,14.888109224794333
31,42.69914227324567,0,38.387723530890604
22,30.0398937362818,44,22.344261325112402
21,52.13820625096148,28,29.054567676139676
50,80.01005497331992,12,59.42250025890235
24,51.23744859709818,47,27.233534970074317
21,56.855017649392565,28,34.12662348979301
21,46.68730624032385,40,30.17337673658136
48,4.6048955800928315,41,39.219669003741366
41,20.95727011884848,5,43.76092552335928
5,44.28015564888745,4,21.873541905655657
14,27.92117553702343,33,21.364543097058522
42,16.35872379850748,10,38.571380273082084
36,45.37195577265945,8,45.85535010894118
32,29.05288141030653,37,31.68587040364119
7,23.229687885607326,39,13.438335919542954
43,41.75868756963427,40,47.42613904871153
43,11.995583227395583,8,40.85910174726736
4,83.49711597678666,7,29.928226825403744
38,78.09318881273151,43,46.79770269522991
3,63.68585271664818,39,16.321533282650872
5,9.55924448296106,2,13.112362793301795
44,69.82895290227238,12,57.037567867455984
31,72.7161595298117,18,44.701557790985206
29,69.09881559429039,33,39.13601310740936
46,10.256929840731704,31,38.53008982309089
34,57.951716136098824,48,38.830498351573894
39,75.08923161744588,15,50.89814178934884
15,51.961806109770095,35,26.095404302437355
12,58.17666377052801,17,29.62325391607494
49,41.252713148367555,13,48.866825465337435
41,47.58365878956474,29,41.86532888435385
29,3.0939172516552693,1,32.85492443427177
18,57.506671977595616,12,36.52670916980695
16,7.330249160204327,26,20.451234717418497
18,39.151313490620105,16,30.62577012169851
27,26.338958790066705,30,29.518110485760154
25,49.08851551905418,14,35.749933153535125
36,12.007470197088638,19,35.256806730815576
25,62.24790617759864,4,39.2387279400108
22,71.55103832356234,6,41.63280139663175
8,14.701900476884084,17,18.22207464525011
11,9.388177861669394,10,17.279167133739676
0,13.096393450862324,31,10.0
0,78.94148057086515,49,18.311147559762492
46,47.53703355807205,26,45.49810234180725
33,42.05348964067523,25,37.808048040795576
31,9.604063719211885,36,26.06908089286445
47,58.46004060812656,44,50.50504139363671
24,78.11996327055809,27,39.74283809419907
39,74.53672823911077,49,46.17760880672383
44,56.344923808272114,1,54.06335643651496
0,6.775084498650626,19,10.0
15,10.115732445841166,3,23.16675006584541
38,4.437808839884221,12,38.55695923389961
4,23.17312948432224,23,13.715595641217886
21,12.209532044433997,47,21.302137077964684
28,23.40432362271905,37,26.62458770474466
2,34.65522501470655,39,12.639598833814851
11,84.86845056640222,47,32.14225755382688
25,54.93384538035229,44,33.51641983564668
15,75.14764071146661,28,31.157539511002696
50,63.9316350641099,35,53.06540824429432
36,10.125281747396857,1,37.03305983681082
21,66.23283657365539,40,32.409968554287786
28,24.7588993403212,17,31.203766167606958
13,57.51970622952357,48,24.393683646307963
27,30.686577627868967,7,35.04793539806971
4,89.79050369381933,14,28.671376759526076
46,23.719633154710003,40,41.224045243174494
48,25.12174236968427,16,46.905883825391726
29,83.76050300061584,22,42.69761454465195
45,2.21799641726904,1,42.76413995215022
4,62.70200890858772,5,26.15071721623087
11,65.27937516622903,28,29.48560724625544
15,75.27407196693594,26,32.29155929350445
25,87.69953795746278,36,38.528635815140525
25,87.80417272409872,48,37.65496002786154
47,5.87490818098175,33,36.83905352835923
20,73.96553904776123,17,37.69781297408997
38,58.167894029164316,41,37.9641283520758
35,58.2607920935782,9,46.85146879928451
32,11.551493395322531,37,31.450947210462296
29,58.5168449801088,43,29.69211845106677
36,88.4234322541123,16,53.03524843725873
22,82.06367125855023,12,42.067306591189414
9,39.52175947243655,47,16.574248327918877
4,3.5953175957484906,41,10.0
35,32.60641410001843,26,35.44576462027932
33,74.37512804404997,1,46.30799001604439
30,63.13491913186494,33,41.309095746792245
9,41.340929003456075,30,19.170105415226256
18,4.9591381642947985,22,22.102473825009533
31,38.420525504097235,6,38.23598374494687
0,42.212244574609514,37,13.002600191551327
4,83.56999796047224,32,21.5712084031285
44,57.69774932239435,11,48.395409573096366
3,28.0487624989184,44,13.695947542265865
15,47.27864380056492,11,27.9942837171783
23,5.9449777039944065,18,25.190314438570812
15,87.53114120847631,8,40.41894256044038
1,32.40539117376534,9,15.575825877452097
48,43.00806194218222,16,49.433120430728344
27,31.975557681323032,49,30.35728331106412
31,61.426055710458016,39,38.15991052206303
26,59.60089424966338,38,35.06019290378862
19,64.37900794762221,40,32.16943416860208
23,24.132890665072875,9,29.57680742055529
11,28.410163304765938,11,23.30720960767542
49,11.272610798658715,14,44.22282961503523
34,58.99589746615013,30,43.0614578003734
32,3.5817414602087294,14,31.85900243107294
32,53.79141019711132,27,38.657474051944504
50,78.27262963664705,3,60.0
42,80.17489334606702,35,45.29631370812888
36,40.41339843329655,0,45.67022700318648
11,41.337331939176636,43,17.008197417867585
2,6.927226470721562,33,10.0
0,60.36885228987322,46,14.297733334388472
32,73.91334783355609,16,41.19676841214283
39,22.018954914424175,38,36.93902354277332
9,37.91707934700282,37,19.05544387876308
42,75.49554030887433,43,47.07602999266223
43,78.94084208960592,50,47.03208869162003
28,21.886198223780333,32,27.790446570887383
12,49.55135710872278,20,26.53986824246466
11,17.324383557224436,25,14.22742499953468
30,9.16908877256009,45,25.265819396058824
45,82.00084512527619,35,49.591313584989855
1,73.84567538088983,4,26.40662398540121
50,68.40314116228565,32,53.208183404038074
49,4.388968693182638,0,46.27129244656477
34,75.93559134392318,5,50.736193547490004
22,39.423966831484535,36,30.4176474415507
16,30.815561096627366,1,25.1689096313972
25,49.18287249228388,4,37.355494490463684
7,8.221791845120025,25,15.03714640896461
28,68.09818944171589,40,38.61259081667914
25,52.41915691994663,50,32.07449192756643
9,16.793108718585078,46,10.0
25,16.940897979214103,12,30.450473524973805
33,16.58237864154068,11,33.18061313557046
50,5.1302148796740585,4,46.75541507645915
40,52.90186044345163,1,49.71598806637627
6,75.63133598296572,3,30.056101662280472
3,1.574839258864974,26,10.0
49,4.41041804741462,49,40.4642663299684
44,51.54932490182512,9,50.78048099289189
10,73.75461168474472,12,30.59395422940406
28,29.406500151177024,43,27.162478328158848
35,31.465295892694993,1,41.435241188258544
24,53.671184774709836,25,37.74165832341801
20,24.679160021173228,14,24.055467033452082
35,2.394752946991572,45,29.689162785397315
9,66.17056662914365,9,29.89659196502661
36,56.30849216473078,21,46.762737242075154
8,52.26803991500932,39,21.655088133542442
23,66.75157160926408,24,35.871672048322836
34,60.77077538058337,14,44.69937822274492
48,18.529378936048904,12,44.96976425035567
34,31.723294224901604,7,41.53317482317362
47,11.34991275107625,20,39.07202322687684
35,11.687131207609292,20,32.86168389188952
17,60.85761717208853,21,31.81383491034224
48,77.27400962842484,45,54.646663482875795
38,86.64593254750251,32,49.10161968552704
31,56.551240579449995,44,34.84557317375716
23,16.569119102486127,26,25.092078314118364
22,9.508531090403764,39,20.717783029024414
31,73.15658743830821,49,38.33936714886326
36,52.08808287239994,21,41.59725902908242
11,55.645651891234785,29,23.609644251862306
48,70.33158798792383,8,53.03443945248029
12,63.294950495920645,44,25.05929758223808
22,75.1012427570487,34,36.669715662027286
24,5.0592514913890625,17,28.258640213115513
34,67.27685730718544,41,42.8261733749482
40,76.5767481589886,4,54.33406977581872
29,25.75215382124829,26,32.14245487052594
16,57.64025465939276,5,28.452946559795276
48,28.27458574532749,31,45.16519939252326
19,86.21739598342086,7,39.71823255993996
47,3.0081215191953383,38,39.86137098486423
24,52.18135594496595,20,35.37122845726774
21,14.985319234456359,17,24.887318560656492
12,64.09981846594428,13,33.18626814701428
18,15.830125507679588,14,25.362938014476047
48,21.18449357085218,41,42.36662798073984
35,44.493372994118225,25,40.55930217448432
11,82.33514549971903,43,27.839393514232295
40,19.054293493317374,31,37.19386760928573
18,12.981601900629316,38,15.155882379521653
11,68.30791486686276,27,25.481415472150818
8,45.055757910053785,38,17.829297124821018
6,82.06066011435942,42,25.213400702725494
27,13.195310144385806,31,23.585695051895172
13,58.13351037207354,12,27.884367340398413
30,20.959123153663352,14,31.793188620499834
18,14.108438578647537,17,23.105197351406478
46,61.50864736415435,38,49.707975690251835
15,53.43161579178599,5,29.144698252841195
4,67.93447125260981,10,23.739023425156397
34,27.85163188015641,31,33.35973470591269
11,40.317449074397096,39,19.13323343293252
24,36.49245086973766,19,31.14619891030426
20,88.56805175698628,32,39.54386102184746
35,26.30240610654491,39,31.88549328090175
22,26.533551451209018,7,33.158392433541856
15,31.909338794574666,50,16.914232155366875
38,50.813467316128936,34,43.571977707438606
44,22.70904698373707,4,43.7902175073302
41,82.37609463413465,34,48.253302575940374
38,23.911700837963714,46,37.1160998445297
13,80.62341584041752,13,33.438188661012475
30,9.312755728192618,20,29.94952500284613
4,59.09064321596871,46,17.163976867081843
34,81.62869665944193,23,45.51281421336753
22,15.187449455840659,16,25.683798162584768
28,87.14942640893295,17,38.02608603222542
42,40.75950243739605,33,38.894518023939845
10,85.1143597596922,11,33.15750838994751
17,60.91380392670423,15,34.198315526285015
46,27.14281828861964,3,49.905676746275375
11,16.947227242539576,24,15.575448477827385
8,27.336154160258946,33,16.502873932775657
9,8.371566833640749,27,10.0
43,12.94811697089968,45,35.23684445835035
16,9.419439631183304,10,23.231272403922198
37,38.0649189367402,12,41.677989096037834
6,71.60205386318277,30,23.35691518843668
45,12.724519879470616,24,40.41832608014883
12,11.72883898551023,38,17.611462903194088
39,57.90860545655977,9,47.042317777854805
41,17.746468377125964,23,38.9445821015118
8,8.784903429809244,0,20.39576987984453
49,15.016372038501988,24,43.2466306249915
26,83.13582562890986,27,37.504118772982444
1,73.93241274985718,35,22.973298587088784
4,31.86581061195847,17,18.654351741893905
28,59.023869059465355,5,36.221442779866045
36,48.354810630123424,1,44.46059174906035
37,60.94118371343075,2,47.743911373424446
18,61.44040372164834,45,30.875382318129496
7,56.586061355399366,7,25.138448908060663
47,23.949123168357772,30,43.52166097586364
44,3.5105778686536313,47,34.846087673709555
0,41.00101037910979,18,14.56802126735174
21,80.18764962216335,49,35.98199063145625
16,51.254753266671834,5,29.11641468140694
6,74.9151937531717,13,26.26214248267399
24,89.24619086651053,2,44.337365320364505
44,14.725458372444864,47,34.01898587341913
3,62.25998752277841,0,28.082815931502044
35,60.68642163300222,43,40.185573127460366
5,88.19599026224506,29,28.438412636293073
30,88.70406605575204,45,40.07583949466121
18,61.80107505517165,18,33.68368374703396
43,21.925331278397483,18,43.37825486112537
38,71.87002543175392,8,51.65574356289737
26,9.632622078993428,6,33.03652409661918
9,70.26293737544658,45,22.486113607921016
25,81.91765117302268,36,38.11023435912136
18,34.45500552915917,49,20.450503098517704
38,56.75717654847724,40,41.75897885272906
2,38.71284588871437,6,19.57080288523178
44,39.39885494893156,8,48.70024300179563
12,27.933380019730805,3,26.818180520491673
49,68.59166584052922,24,55.39872745179841
27,84.25589077498546,48,38.55230186593551
19,84.6675773311015,11,36.400016607771626
27,15.730315638744045,5,33.02870385739634
7,78.72692846909095,17,27.78239291267481
40,66.36882972844099,39,47.20184948915693
38,22.755366062126033,20,37.30152994419155
0,6.055615162936309,14,11.512538534954635
2,24.11975401959402,2,16.696584739835778
12,82.0987413103373,1,36.65425251357807
27,56.98608074061951,40,35.06884155454118
48,64.89491948080847,39,48.878311153284635
24,23.143711599818626,3,30.247987448250413
32,64.74493400173382,31,38.13815519351358
37,2.530935565013138,1,36.62547882698914
5,33.778921119571244,45,10.580516318116198
43,56.40780136880981,28,47.76931269746225
44,13.14869089871882,1,36.04066383980694
31,74.07032170022413,33,43.18393037027836
44,21.15281689307268,26,38.92322483668015
46,58.70530015366016,38,46.333227746740185
20,36.467742831779674,43,27.58729373934734
15,53.643923592988244,37,26.318351799716993
20,9.670549736601732,17,25.076780383312116
10,1.5221519929446592,35,10.043760586869428
36,81.8607984642271,18,50.7959514902259
35,24.266700789046453,26,35.178412618331265
34,73.77093025024132,44,42.18943401819794
18,89.94152704249802,19,40.718899191838204
19,19.028813219902005,20,21.779972011484794
17,23.865366706502005,22,25.199145310592925
46,59.65738088711991,29,50.55229653128807
40,86.89037711405591,24,51.35189461894385
48,82.42329133716696,30,53.396387469025974
13,45.25879680590264,26,23.803122431399448
14,71.55992542740522,33,27.5252801613109
30,12.217126778991096,7,34.76713293680797
0,87.96943657836111,18,25.077403969183262
2,86.79179106323879,40,21.404417630525163
15,14.735606209125386,25,16.821916169601966
22,26.948081232279595,27,25.813523726405812
10,9.013949775609024,3,20.825260202974885
11,24.454583900836173,30,18.313781445615856
9,73.4360210473686,15,28.376821830145918
31,34.04840464487335,50,34.40705723654185
15,7.955727043208254,9,19.912053180066074
7,30.80029723010141,37,13.893420368825234
37,88.32450008171521,47,47.32307924477688
11,56.671523573328265,9,28.523435346642255
23,37.4544851765542,44,25.81731942036868
27,14.9884662147543,8,29.10236250485597
7,88.75591175553254,38,29.845322954575934
27,73.87641083368159,35,37.55931034910993
35,25.332957220582745,50,29.16284421037021
25,6.306182614907051,35,23.896975875977674
7,5.096300163980223,18,15.008442997934504
49,10.834033455498044,18,43.38558961958116
27,52.26917252529795,11,38.778088922534195
27,83.58870790849431,12,41.72306979302571
36,44.706908520538605,24,41.79790063988254
40,75.86509342105775,35,46.012587743219
35,40.129795787382704,24,39.53630552373443
26,63.772519119104274,27,38.4398428013496
16,65.86854635578507,41,28.421117207987688
8,15.656733531300478,38,10.560451042014389
32,32.50944530782306,29,32.16773253241298
19,57.357194088422155,4,37.35768093070449
12,6.362694736592957,16,15.736256160332214
27,32.53861689866609,17,34.38797132762063
47,48.13195196530732,42,46.46314216372624
28,89.66020437401748,46,38.62395915276305
12,42.70802063601967,20,22.876089048281493
45,73.44510814028912,21,56.4386876555854
34,38.8860556559956,38,42.85650635001886
5,71.6751650357738,49,19.850408341382767
17,53.587332145809754,5,31.094709948287555
50,79.79358973521585,49,50.332126118638385
4,36.98482971150989,15,14.647135158246472
46,54.387397783933096,1,51.212975755884734
24,56.70168125569447,50,29.750329286063423
1,37.5644647620426,0,18.162009321450757
9,12.988083931873337,29,15.927884339819549
29,8.4203466221102,42,26.12582177659509
49,1.500439553966979,36,40.61350485119801
44,78.61808378206932,47,48.24571903761338
4,21.28274210148251,22,13.61496356992706
32,19.035607435359125,0,35.47892166675241
0,66.2431860383459,18,18.01519580340603
17,28.801450177865256,45,16.962266125481083
31,45.54402231706529,2,39.17051896207839
46,14.625995876771066,1,40.01325004075101
48,86.37711493157722,36,53.20966925062062
10,76.64232600155137,16,31.018804122754766
20,77.7410660668503,27,35.85853750650303
25,36.60963737148047,17,32.31473556509771
24,68.61250923364555,32,38.08355442919255
21,12.948853985080214,14,23.73282276524654
26,0.775710233260225,21,26.56904980927169
48,1.7975639320225312,40,36.34528610328035
12,52.79415636641044,26,25.61373778859393
32,40.98554147231467,36,35.50420540298328
33,46.621381401766776,31,38.1893155557856
40,0.6716826375497464,44,30.760927444959062
34,38.04179576916832,18,39.34700292597953
0,64.62613450807747,27,19.67023879179745
20,39.842433177069225,27,25.05718160797137
47,65.8997285681,9,56.42693785142012
5,20.97170679571513,19,12.372508608669818
27,73.1827804033553,24,38.18185407305252
16,52.95881164081071,20,29.275700664272954
4,18.96867894869156,13,15.839562804536191
30,21.304842826844965,21,32.55103057350778
4,56.522741811258335,25,21.005669176470317
37,74.6945633891199,43,42.115537444931675
2,37.40650038262397,10,16.333950700413766
22,23.2470386214833,6,25.048663491575237
36,78.03104462195404,16,46.56863830663527
36,60.23414625757514,17,42.01359130002424
9,40.32769385547689,6,23.49218081014191
9,43.911017575137166,19,26.944461440382238
18,18.383082114275677,37,22.24685804096602
16,56.41223670583595,10,26.49272680798868
20,32.28682594885998,43,20.972090380199177
13,89.60806590069143,15,32.17395554394066
8,43.21651637356991,50,13.23297151473402
45,43.72970455706518,26,45.780985489846586
0,50.92666086696047,50,13.142843333826457
50,82.50804028068721,10,57.41564535166707
44,72.07362898737753,15,52.51863757087857
12,40.601706281805725,22,23.660767626650745
3,64.68293393755164,11,24.784538424199866
0,52.76119489026855,39,15.01444968301812
48,44.3130343831124,2,52.823409098634045
39,17.308419550591548,1,40.53686261377058
31,41.75426371094018,37,32.47245660182794
33,22.12367283203172,47,28.883709179016606
27,82.33579348664892,23,39.2715651928514
30,30.186613214671222,28,35.83470727759077
7,85.70376130800351,46,22.202271100119958
38,47.97497610852401,45,41.34917076334135
25,56.83899408085443,33,30.998809024118195
33,48.8646400040395,19,41.557806254810274
2,11.64425552700308,17,13.123107369200806
49,33.82390971071469,13,51.41875307383785
11,8.923150104986155,17,14.851697131113966
0,56.06586397650435,1,21.39173032396944
43,40.2186775680395,0,46.94244883952256
4,70.01864744138432,19,22.180505113225966
29,19.842343289943287,33,29.40617885338814
29,14.810945258640142,40,28.889974678806023
16,36.569900786739105,40,21.323680600814924
47,83.3926844896543,47,53.186878942460865
46,63.937963351117055,10,51.672092769111195
22,37.70312623136268,26,26.954138427923766
14,46.55449527788795,22,25.16209321568136
36,7.579171005938851,37,30.636886632993953
20,88.61183067385018,43,36.60792925596241
13,59.9766574225427,2,28.292281976077852
1,25.686366161708023,11,18.50454306401175
10,52.72275547937199,29,19.610018684306677
50,9.853412946209458,30,42.92681632454827
38,86.92530019268253,22,50.114908552725005
37,15.730648909502934,0,37.7494474136126
33,58.32272862496927,40,38.41428221371516
37,22.09090162850374,19,38.81251549020544
49,64.58052443836822,5,58.12113331713606
33,69.91392305162529,10,45.147657237813306
17,60.60777560202894,34,29.585131183825006
29,55.30495142296733,3,38.25040557196399
14,80.32221845568105,28,31.295904745043995
26,7.076403989078224,9,29.054028488600537
50,29.782328920217566,50,38.89044503919378
33,22.345873166776137,28,33.531005084409465
37,88.92125658588795,37,47.797840735913354
32,35.045080170018615,0,41.948643901623214
23,65.93514293163588,39,33.771261784777124
14,61.62526474929041,7,32.03470969289706
29,19.087311372963995,37,28.024439908385027
41,21.50979121903962,16,41.86605519805004
50,25.31561071977307,18,48.48769997975543
16,37.00145504334413,32,21.187074955362554
4,21.08925590854741,14,15.539803871737927
28,1.7686334472163023,44,25.718207469160152
3,79.1453751126476,30,25.396658526435935
9,86.90488482427956,20,30.735721922242334
16,30.741334832841115,2,27.691645706728817
9,30.465619148292557,1,24.07294023677205
16,0.6382631496933888,34,13.949942695324674
19,61.22256194973367,40,30.493278467910116
23,74.28959061737659,15,34.76609594615594
4,13.194747032400285,44,10.56366173542009
33,14.369971443043566,50,27.704482282187286
5,71.10749249742939,49,20.198583658339874
1,55.46616735187302,20,17.682496956728844
12,4.037450186494532,11,17.47539433389516
42,56.02922914160535,27,47.06661255909173
42,27.802595055938944,11,44.8191469487609
47,33.185263992376136,32,47.33605433248841
10,69.27582764671922,19,28.102262618705915
50,72.98416734053495,39,50.42365299142364
46,36.03209641558476,48,44.81771201934933
22,85.24376424057193,20,36.50479429405552
15,36.5816446156865,38,21.271815479694496
30,69.4652431707099,40,37.91233544109261
10,43.54895381078332,48,18.532906607699505
15,80.77790938698756,41,27.978612667275296
7,81.69851192851608,35,23.365604631555783
3,7.867512708397547,21,10.480460552514195
39,84.28439981792032,25,48.81129885494228
3,74.29813573683741,6,28.751814252254032
24,71.21796428814002,6,39.04183277121801
2,18.08202057169702,7,11.909760550259067
31,72.46072878791985,25,45.78581747507275
2,76.51194612165331,23,24.192261690489453
26,26.023530100873586,23,35.3886120888524
28,85.70340705260914,39,37.046053035576165
31,4.487413175924782,47,25.96301439316876
49,13.491832792242569,11,46.31959171874755
50,48.382302424636286,46,47.83210625618279
18,51.82132240100787,7,31.19026340222057
20,58.063507497081304,8,36.90393812385268
4,1.5272216383919812,2,13.73823982617362
17,86.43300971599173,20,32.80812009723294
27,4.012928346072959,30,23.46384916875207
41,12.875575745106214,47,31.897105329014543
21,1.2613065773451282,46,17.809945217087606
20,51.01725899646852,23,32.651182290187386
5,83.9040195528875,3,29.07231209503498
0,59.93524494724178,19,18.63080583687673
4,74.03917216323846,15,23.399790173496097
40,1.1953083112722074,9,38.41174637584147
11,48.781376863175346,42,23.621570381398755
25,41.360667975496966,25,31.957248271312217
45,44.90711497987137,28,49.44146052062201
33,6.499186680166915,4,32.711674713998214
48,61.599182496237674,10,51.62587131055875
13,45.2898373372771,28,25.566704527331297
25,68.86339648751375,44,34.480936684977685
44,43.676157065554385,14,46.27275301905859
26,13.444347260378887,5,30.292211863305212
8,58.343125867003984,47,17.049858320067447
25,15.514772589464961,14,25.00681957406542
46,78.51551070193334,42,51.78822924763122
21,55.18046151623174,19,33.75481728292548
46,14.148349520125883,33,42.867386849963864
29,86.61042517330861,1,49.2453624768892
42,46.652891700178856,43,43.55130726237858
47,6.56086066844895,15,44.50303884501934
16,56.41496139735605,18,30.7627824922905
25,22.78790163115292,33,26.41917713090058
35,72.33241066895722,48,43.591255281075995
0,73.60398662095716,13,24.522007185835268
7,88.10526202691956,23,29.055420571202756
48,45.16825779220533,27,46.18403921034328
34,40.94611917549634,47,31.369084916806337
14,67.81280449018325,31,30.397356300251552
46,11.92235907077339,36,40.141820549327726
21,49.222396241381176,9,34.43267691030004
13,49.162284011776585,48,23.49193415079509
25,8.05258105293485,44,20.712469983137446
27,37.61856769562222,47,25.62032332220257
22,76.79563187104817,8,40.59083703026029
13,77.05382597951943,23,33.456249069158225
23,8.93138984277129,35,23.339996827447408
1,8.164879447304777,28,10.0
44,23.642592930174178,28,41.809898230622586
25,78.72894562985941,47,33.94629606424313
13,11.601232656614904,22,15.035414123545642
50,64.79971223647016,26,54.0446068431979
6,9.10490576517929,30,11.845978173534036
2,56.08240683730428,42,16.11923715879254
46,32.04605692072303,6,48.585484528427514
22,71.00225666692803,48,30.819252891123064
45,21.032140394282724,44,39.27779030213775
42,57.52816464509639,3,49.48493030744813
46,21.211428111829644,13,43.988906640827814
44,64.22942548009384,41,48.03271025572458
17,78.6310231104674,41,33.595481063382195
37,11.412161921408403,9,37.41702440950968
34,77.99361197359532,43,44.1967406589447
50,53.421772897286814,33,50.75480552796285
14,11.439944178032157,25,19.31321957016224
24,38.47876698237408,22,33.26334777950295
36,14.47742641365881,8,40.65386105287802
27,63.03130999799126,36,38.527813043467845
9,68.29813209761546,7,28.799456910288935
38,9.521686824551907,13,38.84366967946172
16,45.55258674251799,6,30.50860097119906
38,73.31625504233254,6,49.14883012247495
21,84.25467373958969,8,41.47655668781811
25,46.2166080067593,2,34.18592893413811
43,85.52513012502664,13,56.383628727289135
24,48.212007341042685,16,37.545993902349736
16,35.47714451399172,49,22.59065964274564
12,76.3382815697606,43,29.610891785961762
19,44.368443941228016,21,28.267301418031018
24,42.471225950807074,45,29.506010498029067
3,44.128124046884544,25,18.57195365287869
9,76.21065016827708,27,26.881805433769454
2,74.8747387519247,44,21.142366051189928
40,36.31679931961901,13,44.22273776783107
44,29.99698738834725,8,46.98902976351563
17,44.27352216352163,50,21.19455266774215
46,51.549525876339814,25,51.3121028329036
35,21.450348956519726,1,39.54135566475187
46,71.45595762440315,10,54.75491874500258
21,43.78344891591806,16,30.868665294981763
33,30.064099357796362,33,34.08516729424707
46,9.613889366759155,18,39.764924615313085
7,21.496064436324623,38,15.877532912954438
39,85.43530545803853,17,53.76327911569462
48,27.458971813757394,12,49.352451827251784
43,15.197336043033179,4,45.56585057724705
18,41.460551248949386,49,23.921665477642648
41,27.637896902422384,22,37.61611035948857
40,3.164332524407474,23,36.44060901378649
36,29.083069555147553,28,37.999863357598834
5,48.96977615455217,47,19.35162151550179
25,49.654113481797026,46,32.694991090665475
33,32.090302905919984,7,38.736029029070636
44,40.25724806273406,25,44.812825747713276
5,86.89661264112898,14,30.786596284964023
36,33.961362950728045,0,36.68237770891209
32,23.240413193398467,27,33.48088257121552
21,21.912033966008412,48,23.77372811884285
20,41.19881514337207,46,25.097748622188654
5,68.35681338452497,45,19.65704695280035
5,18.538936576962588,13,15.847474441697875
47,63.83665144266912,41,52.21622365360986
3,1.9034841014474657,33,10.0
29,37.703968018555145,30,31.986747033549577
10,69.82785586825082,5,32.649535252060666
29,30.48596601969883,48,32.02048621177888
30,50.73633913008595,4,38.93260902017439
23,18.448130954331972,30,30.8867580149282
8,66.7795852013555,36,23.55461089244002
2,4.705119294188366,14,12.137875400274014
50,76.72883803879503,14,59.70069199682319
30,17.837674777950134,42,26.871531644969156
39,78.69582285374976,4,51.53611253690658
36,31.72763171704656,27,37.630941963441224
35,65.04152170270379,32,38.96818214317002
23,28.73027680075696,10,31.988010483801222
30,81.53205041111828,42,37.214917795398506
5,11.397341296653693,5,15.058803004701936
1,16.066781034533882,22,10.0
19,44.37271126429221,39,27.482160472427548
27,7.374459513433152,1,25.81654513186159
10,17.638216623158574,14,15.1032443331847
3,84.93897439908129,22,24.594278243777676
14,87.88406950330985,21,35.264501746542194
5,33.86333963973797,8,19.515863964221076
48,83.0957418912542,46,55.419712365046365
29,49.03422081060886,39,34.472643558656635
37,24.276821928639034,29,36.36988071669904
50,63.21588489725388,15,53.250019098415386
1,59.301162591737146,45,15.363491842773684
14,89.021278719786,46,30.665224865149067
10,23.854255866835498,29,13.311341788501327
7,60.485355239556185,44,18.61663236378355
25,4.682137952650221,8,28.16313990456664
50,10.228143482704747,0,47.40461542212344
44,0.3526537455983936,37,34.81451605391746
43,89.95146129537058,7,55.825410468507684
4,72.204632743273,17,21.205150601020478
5,70.80507132601868,26,19.41025140112539
25,45.87534677593617,17,33.511694082433685
3,27.006037461489594,31,15.829097612530589
18,13.613785601640833,48,18.1965677974342
19,25.620726496181728,31,25.816944837000023
32,33.83740997362252,47,29.7641071516144
19,68.06790872822647,44,30.879880736682125
48,48.56956100128372,35,46.65653866927274
11,6.973526389993442,35,12.360145906981215
46,1.6226108063021016,20,41.013701367474745
0,9.209896158065684,45,10.0
25,36.94488423276414,31,27.467908450974505
13,83.98736253441164,30,31.593531671769668
37,57.366223308829944,36,40.540907628819234
36,72.16433098879637,15,44.49420573091384
10,41.97371350540937,45,16.65404353238956
35,32.54994748755385,45,38.35177608855684
12,9.756033544496045,13,20.825975614678715
42,78.83397199675845,23,47.687719216380295
2,70.48440261251126,24,21.52014882926294
32,15.13062878379526,45,28.445159963975787
5,46.103450748863445,50,14.688615647485197
49,43.86373271291204,34,46.64496753135607
9,56.25823974178758,16,26.64578258630518
4,85.1568204592135,45,24.96675542684125
22,52.179429758623165,41,31.783887353855437
9,48.619554010075674,44,20.08412682224544
43,4.529063964119755,3,41.77312547009221
1,5.6616728416221545,10,10.0
12,16.861211219411,46,11.719363856840022
39,2.922369452257345,14,32.57897211545368
1,66.90176060130112,29,18.026966471417722
19,65.09972735945668,23,32.46879980610786
0,12.245061098847865,1,10.0
36,75.24710107157529,42,41.689678181249725
8,13.930743136150078,33,12.679363241842411
16,27.105802829762293,22,25.049389350052405
8,22.407920924522852,30,16.25024069197162
10,33.5076388715743,36,16.57447564822552
14,22.919738930096567,12,22.6767149018524
23,44.00558337946069,32,27.44382952743761
37,36.66670932192169,6,40.606297598354914
34,88.79125417013938,31,43.59389811342474
29,5.0333715115403095,6,31.264350897918625
30,12.796323874861645,41,26.843650244748076
48,4.754330451774224,37,38.68542120021504
4,56.32570754841382,43,19.227015758656464
43,4.905834967234762,12,37.28666452453277
49,75.27957636385109,23,56.83941374101079
13,46.074476761373504,27,28.234737340582353
10,47.43068621233803,31,19.87190949063887
8,50.543505694097476,42,16.282663336226594
33,15.373233567558966,17,31.108965601501154
11,17.79212728030388,33,17.085596034125984
34,28.693559058570422,47,35.98129621303426
34,53.41467742396663,33,42.94359355058854
0,18.91059983461931,50,10.0
39,10.469855441993511,37,35.60256413975757
21,87.3105197776589,0,43.091217758506076
28,1.9783633328660621,42,25.14587212397203
7,72.24276648024194,49,22.60606919425024
10,70.92316346175198,41,23.4351044367746
40,26.74927024605864,30,42.276730067312876
36,12.206395440658206,49,32.962142546070815
13,13.106578203488107,0,20.167335972196458
29,62.768845551347326,50,36.65072776366395
34,57.85259319775563,15,46.04300309404351
20,70.44711068262481,38,33.22678239425356
36,84.37330551591943,14,49.56394665542626
4,62.27346269399328,32,23.31415399118336
18,14.026638289629911,22,22.616007858107846
13,21.90983550888696,40,16.226212023736345
25,75.79743577858031,33,35.40914947538248
3,18.83754682507877,16,10.0
24,6.5270085259033275,24,28.451651036753738
44,63.29520486380254,41,45.63533784578572
41,36.22737199411279,5,47.123364096981895
24,82.80360472913132,30,37.019940090154996
17,58.522956398429535,4,33.33851050847749
39,8.137708001249468,39,33.97699855126211
7,85.30709105282946,39,23.63316216276136
38,23.27015372762213,29,38.81810440579686
39,30.349124136565717,4,42.37334894800801
13,36.203437231518784,11,25.795976875236374
31,4.610186676388192,6,34.63107380648029
50,44.686388000754434,44,48.81652353363905
37,11.098664196776301,12,36.13007886126126
32,36.087329401951656,48,36.30556323176613
22,31.563880919287588,3,31.173473581600273
14,69.55560750838531,49,26.547387416461707
32,72.2853460469458,41,40.37981831184299
24,13.80715941501792,2,26.810225981091996
16,32.98960686413036,11,23.476349448056343
32,33.60178449286485,0,38.01195198866781
46,13.626939954247653,26,38.997921683719206
1,71.86081545460715,42,18.216822696748814
13,63.650549550188096,49,26.132433574056208
39,17.134360766733124,12,38.10873498069987
39,33.004971773441916,16,41.940918554318706
50,9.522452237086279,7,44.84267777655583
38,56.538593738373955,31,48.347789794482
50,10.92347320937577,19,47.3511645050375
5,88.7340751762426,50,23.25160073941283
5,70.26138672190761,16,25.696675863889105
2,35.12146946255955,33,10.79352552231928
6,52.0707539051419,34,19.08533741153086
50,82.02076345947678,34,55.10338991087069
7,49.86893523562435,37,20.80956770620722
41,15.704863775815966,41,33.83034961287186
14,34.083302002304336,23,26.482141500514786
46,75.88303785267709,17,54.69575138169104
28,57.97917143906561,49,32.1070034247079
32,58.565194590042026,45,37.42735615713877
29,78.01393371196403,47,40.32633756019914
38,80.45757517162542,38,48.03231855979579
26,82.78133146014926,32,40.26941379002333
35,8.536427392784049,48,30.762548421077348
28,48.97134017667908,22,37.72724872048768
37,66.64585690964867,24,47.272136260273
32,68.12341606143124,36,40.073341711302824
36,54.604458177300344,26,41.65564107636405
26,15.010860166530675,0,30.787484380234144
32,71.76784985474978,20,42.765441399229246
3,64.81002001634512,48,18.073353453830705
21,7.752219439413266,9,24.88919871903013
1,41.74288422069387,30,17.85871352779176
9,15.657965956962322,43,11.971962461195073
4,30.37293411416747,24,13.301171451405013
9,1.627298298511689,19,15.066929553870883
32,36.02968815696824,1,39.59898171994921
37,49.48892290405894,47,37.37509600751384
12,55.76243335443782,14,29.016717880840332
30,59.714131061583906,27,38.334842411739466
46,75.2662181792214,12,58.50181335733924
35,19.391661654815703,49,29.128042517250204
44,10.843364019462115,13,39.85703151023687
23,76.6383454708133,49,34.33299179384956
14,14.09515334033849,1,25.184599772183837
28,87.72840732025757,33,40.76867791405712
7,75.82844064587732,34,25.718699491130316
4,45.07889453006392,36,14.087843183230401
28,88.32792824298227,24,45.49903537722813
46,8.76390561972038,47,35.59913376661492
3,27.275918505759147,14,16.692729180321443
11,57.44019735365503,11,28.87885044884991
44,31.500618162586086,8,42.26825964047757
1,83.55352967827126,30,23.329359638637992
26,5.906347936003581,13,26.419892800983817
30,49.44706488548681,28,37.686434585499725
50,53.1779640655603,47,46.83747184831263
50,58.74553113995017,42,49.28624282055575
35,23.0099600998633,37,35.948922366743105
35,32.8109784767878,41,37.15434843225558
25,75.93124766984799,7,39.64803806550796
42,17.544849207314385,47,39.451711390980236
26,74.41810624560259,2,37.619502907593585
4,50.63898806124681,1,23.206955464733664
19,68.59687600746739,15,32.20047347692823
10,64.22466296371243,18,27.887690787977267
9,18.676034584639112,29,15.161919811126426
39,51.193146279048555,40,39.503350752142154
37,78.09508375245831,15,47.79420605933131
5,38.89046131217364,30,15.20483231932623
7,86.9931693200985,27,28.40140267919759
22,40.69935900915463,3,35.03932300364238
46,12.850707300109622,9,47.33776159630642
25,35.04912120699059,50,26.66803584506439
45,85.65321657514835,44,52.62827176484596
42,28.77487644058688,17,44.97740675692225
11,78.12883438803566,46,25.527893977548967
25,79.31256135137008,31,37.14634282060415
12,31.516787189876496,29,24.250208106240123
39,7.493189224556891,35,33.18910257625488
17,65.21021182429364,8,34.17671606022382
24,28.03610691125874,35,23.949487472656948
32,70.46312528318151,28,41.24499984761825
46,39.83893634343898,15,51.69206518867234
39,43.67400681083594,27,42.9104142805309
42,70.01184660736831,20,50.345006004199035
11,34.41269979554651,46,20.469971087945556
43,39.881461079062305,1,44.6360977075329
35,33.85714218926599,45,33.6919298044355
47,33.0606463749552,34,48.96210610206397
3,47.33519192113135,27,17.4171008026052
4,72.79195000510356,35,21.99461770193559
36,32.559148073030926,30,39.570121047077535
7,47.182924848396304,32,22.033896477458534
41,60.36545928983408,22,44.86999909159613
48,24.24955016732895,40,43.30584338017873
27,24.97705244121533,16,35.00699157530904
30,84.00718143211093,45,39.76526802151347
8,65.11811159979797,48,20.678760613884798
50,51.9468008600978,0,55.44699759907628
28,58.29480489785508,41,36.49765076838528
13,2.636949879307653,22,13.472059954926337
39,55.629266900552715,47,35.150798499925706
40,45.855798590178175,26,43.702146654008004
21,49.11747118014921,24,33.255249858944396
10,32.348144414773536,31,18.19571025672234
22,7.3326507941647705,18,22.945730491751572
0,17.400531025084696,23,10.0
45,85.56702418914045,2,60.0
36,36.78296060438406,11,39.57746930594722
20,42.001484024777774,34,28.440861413796227
25,4.743881086809509,14,24.041634223158283
45,3.3809606589582533,16,37.56478118095245
35,64.54633023420818,49,41.74935218146262
22,48.42851977090002,31,33.704442543243886
0,45.783538579464,6,20.03471194713898
50,21.88120773804018,18,42.56858266728088
39,67.027565846693,6,48.965624690201196
14,15.14129211976427,4,22.706092158152106
20,17.094126929491804,39,21.687973607859398
46,41.464095421344794,20,43.65346808359238
8,25.76518759007468,47,11.10864636714837
8,22.271668310983173,47,11.400812760158836
9,58.07138800979985,50,20.27906935325828
25,58.58745706966901,46,28.449403570438562
40,74.20653628199364,6,53.14175733988961
34,37.593771027567826,36,35.732789390821665
24,6.577658192353521,22,22.729124836092527
25,24.62997464293119,10,31.313168918717633
10,88.20049168771352,9,30.410053221842347
37,53.66327177094319,20,43.5284828308964
1,63.876337632091825,40,13.873832549675333
6,0.6622046662873082,32,10.0
17,46.63851589642688,19,27.469610382966007
26,3.3775791778622812,32,22.64298195179432
33,51.230719088230316,39,38.26472117897771
26,82.86937646724678,34,39.6365617058941
16,87.15772174503671,33,37.88233557091868
42,48.649740785003175,35,43.34962461253255
43,41.23843247269944,26,37.84886560342996
50,85.05153848236446,18,55.24162962492612
23,60.62488487970256,42,29.532723658580014
24,5.840935158456851,4,34.137264751480664
6,41.91530199007478,28,18.30961412275341
5,21.622051661787353,9,18.691473486863497
23,42.28238893038134,39,30.720895992071792
32,40.99190148057256,12,36.26456537199808
48,52.39303225332678,28,46.29235688199349
28,32.109344131432614,4,36.70649555146565
42,14.784340451033525,11,36.265960587198904
21,45.334749113096066,12,33.92226809654942
25,74.71825959111858,21,39.05954127205319
27,59.761100526084206,39,36.23432857629105
49,30.453107933269425,14,48.89750608723589
20,84.19707204829714,12,39.75307140697535
48,82.0986814124264,0,60.0
6,18.84135594456889,37,12.981474696838543
16,3.547582660832668,42,15.70168655924746
19,66.7177837515686,44,27.290609868130908
40,74.4849235214238,0,52.10926756994633
48,87.10781093562197,10,60.0
19,80.08527546794797,42,33.64528679234437
21,54.04812913857734,39,31.94452495371899
27,47.70471052911427,21,33.32465585328915
39,2.505694613632766,34,30.700033653257094
48,22.199080216030005,50,38.1329111939571
6,41.36532765596338,43,13.359527550416889
0,56.5653510075211,5,17.318273207992416
31,50.15266499865696,27,38.14696212022809
12,66.83723907135214,30,26.555810143594
29,25.179023779833678,7,36.036794522490176
22,50.845734688722594,4,34.348353967834385
50,7.932801905171292,41,35.630080799071635
18,37.22989712248862,47,23.883213025780503
31,67.51447496591409,43,34.692067841550575
29,62.40607680861396,16,40.81000405648616
28,89.15784634549611,37,40.33885419786744
48,25.01020133889804,8,47.867060335094514
44,44.837036925658126,9,45.53017027059742
28,29.657737239659706,19,34.23819849622296
29,39.654280265325724,13,36.35607494567261
15,77.12551168824493,13,33.28669617960221
39,61.5788167669638,25,42.47626230368704
18,79.41970722128235,28,37.905011126959586
17,18.315999749869782,48,16.54961451893209
0,78.60250060572942,26,22.346381678668074
13,5.378604676054598,24,14.677963046058572
50,79.97393523934372,15,60.0
46,29.61664015146551,35,43.172170771678445
49,28.312887007265985,33,43.783201816378345
1,46.08797190287975,15,18.879111975676036
27,84.66211689509086,32,42.53254697323162
48,4.300322821326484,2,44.94926243498182
49,31.700787756367077,22,46.69312266438864
29,77.09147898150022,10,45.09931014150729
37,35.644902969192,47,35.66829748560638
50,17.92412078373603,17,45.98423777052919
3,38.23147631982706,46,11.275471277320099
0,34.69972513425024,40,10.0
7,82.3874581320033,43,26.05398562804833
28,68.57409381687874,28,40.327419130069934
38,45.46040001696057,49,40.93535754323074
2,88.9533510049414,4,28.687699525427394
31,41.874977814833095,23,36.19352814742552
9,5.241404773824771,28,10.328655149409471
9,23.60468896334864,28,16.74189010034008
18,39.24634321973814,25,27.41966491661406
45,14.121236173150809,39,34.834769954805815
33,85.28086136916387,2,51.99421685222689
32,69.01640080359958,1,44.629205188304454
22,24.14584803849954,24,26.236969043465642
27,53.17240801661242,18,38.03002290399543
31,64.93042413986149,39,38.821458467436194
49,84.71510360161182,1,60.0
6,79.34718142578696,18,28.627048586726808
28,46.36730035243923,0,38.57679585788544
7,69.71873578137158,26,18.7032480624774
0,50.59302784448265,44,15.510978911087141
2,49.74335010409861,48,11.789555977452943
23,10.32677625043727,34,24.76908510153099
22,11.352389221453686,40,22.65085639257037
7,47.65802535202117,4,23.434033107947165
46,24.197539048110595,37,43.39609031822716
36,1.8933212214421768,3,36.17074375942266
2,65.0555283510191,16,22.667830460870885
50,2.923793702114846,20,39.152104521068544
32,53.57491569936491,47,36.14467961890363
27,48.527441471458296,30,31.61983617763201
46,87.1933221520024,47,50.39678887105967
7,43.57918254128775,21,19.743551639033896
33,5.724129274001762,10,35.671660750753794
34,49.65191710258155,33,39.51116498924059
31,75.69865535544913,48,40.50226795429994
23,89.71643558532959,14,43.48414066087855
13,38.73088563201652,49,17.746816523724753
31,28.826886824706826,9,32.962557749322
45,81.5987967256799,37,48.76179370365162
42,17.211791616850924,31,38.65450047233403
15,55.388602352963396,47,26.501102910581682
3,36.514298176285294,30,16.728359195084753
36,3.6974128459999758,36,28.8773868725778
20,31.2559626875128,43,26.512183603252577
13,23.870567025240714,27,23.91019789198878
30,61.74820385491382,30,40.06490428967905
47,85.39114479227263,5,60.0
17,24.1242468640774,13,26.521160581832234
6,73.03193452365136,22,25.046955717840042
9,4.982383524456857,15,13.71731307303044
6,48.43089090358318,24,17.060021873365017
32,6.3495057338905125,38,27.080375984110603
22,84.06296920175754,1,41.58893092242036
20,68.97161525016512,37,31.81486826245201
18,59.215492008413314,40,28.217935472614766
47,74.15067434621979,38,47.44274036878884
18,58.27678160131468,33,30.86341539622237
35,87.2049957456862,50,46.23117282126591
28,64.25621530782944,39,37.34330549353792
17,83.21927486240222,42,29.90516404494884
1,46.541870280957426,24,17.142345569293536
0,10.535797168367639,35,10.0
46,47.53599492807154,15,50.406164378115356
4,11.418554525678397,17,15.635956084068509
19,53.324413125876454,12,31.807944636346395
10,43.424375447489666,36,20.647926082991233
41,56.03178580495035,26,44.277634156138575
1,0.9042282949348435,33,10.0
2,17.53564424898277,10,14.812602193015406
22,44.21973887209178,0,34.677068868694946
11,85.54532054302214,12,30.90280234279315
19,34.52481363196426,29,24.488356068698224
4,38.19348234482712,4,16.176179193341955
36,64.322648010596,17,44.12432427796615
37,54.34134815575062,13,46.23700442031695
29,26.903353508849992,12,34.67219431028614
8,36.9734756010685,31,18.664071042633772
33,19.59298189715092,6,39.08719456126681
43,86.94193132171877,7,57.04744576300399
34,11.757094340162377,49,27.647109192920148
21,33.46531061097775,6,29.09319170366257
43,2.3255074998010072,48,32.90167156613737
23,19.960154274019175,15,26.941640848202766
16,70.24240245421394,42,30.854443480888367
9,18.10577090599915,30,16.264048546660213
29,7.205706227606904,50,23.601795030602442
45,42.70078618600709,26,45.57694963033378
22,0.8972311261066646,32,22.185929682866156
31,7.628953898369986,28,31.047674995779964
16,72.68632826066776,7,31.00046234851297
49,69.43260103736458,32,53.04409519990869
50,82.36249383644065,40,55.65548162009014
16,76.90638923196745,18,34.977554607558616
13,61.48580069158363,20,28.62314500695268
8,4.709957157059655,40,11.35639126302489
39,70.45637561879917,20,47.91735684387154
1,76.09597297565044,24,20.707472684623237
44,71.9173931194759,41,50.60186882386631
24,45.763113177722346,22,34.28443461351343
38,20.96116547845335,10,40.59590056002877
8,76.0796978119854,32,27.67552119061092
21,65.44465287661247,19,32.99547545481223
42,88.26850569499665,24,52.43883091332593
45,14.012333798033962,25,42.79220001947829
3,20.309812474684954,39,11.02442874067227
25,19.061833489335243,11,29.774701210801286
28,71.32857908592031,31,38.711930315519204
44,16.821656680510635,32,41.9001289264439
33,5.999384684097548,9,29.40900913174705
22,89.87047259270658,3,43.5122404441792
36,2.233549030063423,14,33.413487094001674
10,75.17196541429792,50,22.029360698444236
5,32.88301573955875,5,22.559885505889543
17,75.74539137820338,26,27.767865499604724
20,49.91584420900305,4,33.625678341998
41,81.1468106537724,4,55.3862859144019
35,83.3573687773164,17,46.67135230462246
40,0.8188363152698397,27,34.668287851786296
37,6.787095839350944,34,31.70845485894333
33,22.532285661376992,21,36.43255576150208
16,60.238387472715154,33,35.325030120673944
36,79.94449768603555,3,51.41608703678554
24,41.39477561645665,17,33.73705044204844
37,54.62758046468389,40,38.87520420053067
11,16.964986751600502,50,14.022595380278709
22,72.44701504935168,25,35.39337970690405
41,87.05953002181228,41,51.51952754141824
21,24.173903962313773,21,23.53270213382864
20,44.53433564404917,46,23.859845035016587
26,7.750449945573642,32,27.31012861450667
30,50.322299081667154,42,35.184436204494425
5,45.25050976620125,13,23.24775117868207
26,12.999283573956983,30,27.027346003111933
39,39.785959180626755,9,44.926750097512915
33,30.069418687790694,50,30.994876972038544
11,46.96477877746704,23,23.255701036246112
44,52.70889018859193,20,50.27061295395908
6,0.7646020746488558,47,10.0
9,68.49053846545998,7,31.3151785826292
44,64.17128626755667,31,48.76454997790113
16,32.965774758586996,30,20.93387608302803
25,4.764234201193643,33,20.961333930395334
20,67.94392858065453,22,33.945313698340776
27,85.96576444303192,24,44.32463252692147
45,21.613643641981277,6,43.59254483223268
1,29.11721523633341,18,15.28701602005112
42,16.543160053363344,6,42.01010250330771
0,51.92425110103557,46,14.697269772242318
50,13.935725518270946,7,46.15777075814709
35,32.05745491152415,13,39.327510883052796
50,62.73117125408367,0,59.42372060092988
25,50.410438470841356,12,35.747744816991855
28,34.781630789514175,2,35.20661659803418
20,37.82246416267877,27,23.87900205753871
10,50.58997943609066,37,22.651060880129023
39,0.5278255098445173,50,28.362255914225013
10,7.065888160824887,14,15.272079398058143
35,79.31322609867105,35,42.97093062863095
48,7.009109018216169,2,44.24165228042052
38,63.61232365894546,3,53.06755256188322
39,82.80343476981473,4,53.96476517397817
34,24.3615243871558,49,30.034028561724128
33,33.34422933535628,25,35.10623908207878
46,51.20292652602446,24,45.96312580531215
23,79.35380726747262,9,38.35953760559336
21,84.77150285343781,7,38.025267132085744
4,66.56069233001412,11,25.002802632325494
32,7.795778476922463,2,34.55257949392632
35,60.223873998136575,26,42.79997173930948
46,36.92733496853958,49,42.975148375214
19,42.363089954195544,22,26.94021181014837
18,4.423355131065934,39,15.338117357424036
34,17.195592541172235,32,30.129884859525713
42,71.1462246780283,13,49.28139279267827
16,40.85629497430738,22,26.788608406963764
44,27.1496017468034,30,45.75731704843038
42,34.56171665684624,12,42.41779525118717
33,76.89595619931121,11,46.145299616199736
8,67.40991156644613,34,24.387769071821474
25,24.50838574629745,17,29.29366110624343
1,10.575165619113598,20,10.480933524802964
8,22.679839947966453,44,12.385186230918997
8,82.86808059492603,46,23.91294709662708
39,52.34299540647798,41,41.253918354728356
16,48.01321878703046,0,31.45576661808235
0,53.67542397232154,37,17.75006886901351
24,32.94254391718637,40,28.141779535796907
42,72.63963182875615,41,47.273612664080076
39,47.09576243702248,46,41.48074033361112
41,10.507311249191599,8,41.60166404424948
24,11.615861234615666,22,25.216478409283418
38,48.31732318523565,13,44.02155864138905
34,84.29131962637553,10,48.304057892670855
2,27.75169095085789,6,17.692144801043295
49,78.25870519732965,30,55.60012218082503
36,68.76860279209914,23,42.6926826961843
43,22.303119861621617,25,41.622941632585444
43,3.2706673484618207,29,39.383404036469045
50,9.166253862814447,33,45.02045498543873
29,65.56445404626962,45,35.7046766168601
37,17.970276423658202,37,32.550835916347154
33,33.41438284548544,4,42.97861272069533
11,45.15292494057824,4,29.263992431003732
18,65.29213516051465,18,33.89303243469269
36,10.190810093321284,50,26.313777298419474
43,36.57297647497153,37,40.65195412451879
48,43.65656182284258,27,46.09419499325754
16,48.67443575743857,25,30.8095997365067
9,73.6524577255695,41,21.82933169474614
48,15.451037553889522,22,46.99750470335295
46,72.70483066439601,45,49.77991647822702
11,62.3590584926987,48,20.576412996789383
15,50.02837327790634,29,28.129271525655344
23,62.95750833623147,2,39.65048997924548
18,37.081596505649074,27,23.433873972453895
7,12.455782737131212,32,12.540670430099272
30,59.91887162388306,41,39.58491110717128
20,47.220507601706004,2,32.32429447475219
16,57.5437320488498,4,35.46820336251417
22,30.4198902925641,18,27.294412358278517
36,81.61799196058523,41,42.12954563554199
15,52.863288171801926,47,24.113089068555404
5,7.686223586178644,0,12.115959317880092
7,40.48235916339858,37,17.696246412481738
24,68.07204492692709,8,39.224695268334344
17,71.47211055590451,4,34.07656902954242
24,44.51373474873829,45,32.71011190942437
11,80.5272813748171,41,27.647504932390255
14,24.09015934748678,33,21.396762562276546
25,36.95388275144399,36,31.348212214745214
40,80.8737219512073,32,52.8967668509095
44,80.6631044824421,24,50.91378356105824
25,61.71414919422128,41,30.177884594659638
46,77.30824924099981,28,56.909691279330964
31,7.98959402606094,24,30.86016069553963
9,77.84954785869986,8,30.922531599342708
15,28.855791589520408,2,25.704563183916225
6,16.049836118539467,14,14.688673460011332
16,21.54328527078417,3,26.780989526121196
22,37.61716572124983,44,23.435893033096885
25,22.60728041440205,37,27.426118995726796
20,28.851082741484912,19,28.982848672163964
21,12.148063746447788,48,21.416116960535657
6,26.655908900309868,22,16.08840050863165
13,51.505543308780105,36,23.995784285790712
14,39.766833728195756,46,23.4247532867833
6,31.204688511232003,7,20.554778081123025
8,67.18069159714025,36,27.14650032749348
50,80.41589742539861,44,50.99778608150179
47,68.11103006121573,32,53.535637379944916
7,29.880063190591127,32,14.453475171156233
49,66.99979510537983,6,56.65413708542764
22,13.678216422664608,21,27.73765625726063
28,11.728618928216182,4,29.34101956578223
17,31.106433333254305,45,25.60251303331337
30,72.69321321396514,14,45.64996409835937
29,22.171342251807168,20,32.892694335233486
38,5.692806800881163,24,32.27448762900152
34,11.853858168571957,16,33.41131890414278
17,77.28704716766221,49,29.2906532370679
41,57.040495627255886,6,46.743474073405785
38,22.7881047032979,49,35.99515223551655
16,49.97662427953632,18,27.686594204546612
13,47.48216601828153,6,27.345337366394315
30,58.98923805965951,39,36.6977730432911
23,20.986879897945467,44,23.26902377284795
34,77.7962688474958,49,43.07017134937723
43,27.843170587201158,23,40.97328816280647
44,62.47184885786132,10,53.831006960690196
33,1.4512181734993401,40,26.198350212467393
2,33.53914169047325,0,18.05077542187516
36,31.653883616292745,31,34.267589510345935
42,48.9135985724713,39,45.47604767358376
39,6.546263559947684,43,34.8108941459351
25,71.11182363534975,1,43.004107732757134
22,19.600272159081168,14,27.5608829694394
43,60.93340333938092,20,49.2143934734351
38,72.28909109196839,23,44.48334850509314
14,50.56892606173618,49,19.85430189376268
48,66.6794886049787,16,56.036889786047205
3,59.567428099350494,46,16.751935434395254
28,31.997681743680683,8,32.08108679421291
21,72.79726851302088,34,31.348772808394315
24,26.52312328969752,19,30.524450500366815
12,51.409162597636545,18,27.729781471590737
17,67.08579652273856,17,29.69932059347525
32,34.10603188312568,19,36.67533169493193
15,27.249084685568256,29,22.375592371273424
44,41.34114091555404,39,42.05090726849997
41,73.61671449142382,0,55.90280951424201
43,83.69295868310984,23,52.69908770126458
1,49.05750715739011,23,13.627786385767287
34,59.53195847912867,46,38.41710896666375
41,81.29462600150228,18,54.99486400435085
33,8.869216627164816,29,29.832933830197096
29,20.887072007954853,25,28.63365739603797
12,63.80100056264242,41,26.266616136121165
12,74.13700157210697,43,27.294203745490663
17,77.13261254975201,37,31.770660072937822
31,37.35964591694393,28,35.9261779229646
31,8.040591206268015,12,30.124738923088767
34,39.40033295696579,3,40.03002742808523
38,20.76611311863484,44,35.608263011444905
45,26.207680949696176,16,42.408759671276684
28,69.50408011537553,32,41.93062787501875
48,6.7974377423298185,4,46.8182259156303
28,74.4823095732632,27,38.15822953740557
43,38.49021772417522,23,47.29966283570771
15,53.64575379905356,16,29.133538319412885
43,8.06870081121111,49,37.1333151769788
46,30.362317052155166,38,42.83931723973794
9,8.07308271133612,47,10.510246791410452
29,86.53893505929986,39,41.194860661761275
24,72.65354843936254,43,29.981525612089637
38,41.36694789208142,45,39.97759551007948
19,20.1242293491304,50,18.41064469807365
4,84.0109594724867,10,30.02183979998208
0,31.01369361542746,11,17.900654942417603
29,14.488598851863728,12,30.24260572132672
48,50.68479496085594,7,51.41372375028296
2,84.93967083103345,0,30.403521308485985
44,0.34472614502903176,8,38.733852133240205
13,21.43123589285989,27,21.970739058867352
29,84.46028763693668,1,45.65966427389343
49,15.397737017144584,13,48.30596895599168
3,10.191910647583788,12,11.726908266255228
17,51.316849421982404,47,25.773866063066528
36,77.5659440965347,1,52.52770386171479
24,42.93988359245335,3,35.960982716755254
47,89.51078310160723,11,60.0
0,61.12545295841935,47,12.263119501476545
45,6.666741648940296,9,40.668944406298664
14,89.35489185137779,2,37.497453684413806
8,36.71048131021714,3,20.961059268356266
14,25.86622804609343,5,26.16481471777297
48,50.209126522009704,22,49.31732761003751
23,27.387683263877786,4,29.45059040699497
3,7.781175640813709,49,10.0
11,0.12855087712590474,2,15.334801159665359
36,40.46250176282361,9,39.94906353228143
36,75.31770800039331,42,44.980094462458865
42,51.50836670670689,18,49.689316200437624
5,89.92865690490967,13,29.859089202987917
38,25.816198108248,20,35.53155136183192
45,25.240955828404978,42,41.61806104448338
23,14.377451421054978,27,23.74029371631614
10,14.765722943880167,20,19.19466185665423
12,25.666793640904302,35,17.524051549997715
33,71.35560407461745,23,46.209011955701754
24,81.5181111572803,37,36.71800378828754
6,87.75784527369132,16,27.97410441956476
3,20.906068868680737,21,10.0
7,79.31677910526825,18,26.74417281328089
19,29.542958034960336,44,22.963131912008954
28,10.155649006519598,9,30.482018795023478
50,78.30224329681491,10,60.0
44,57.249507117925674,37,49.18819623086462
45,14.825780647295556,1,44.37248921019642
9,38.68481317617023,32,19.3724234224663
42,25.85319253893609,42,40.496407013811414
33,66.31151118391773,30,42.324333065936024
25,40.80746075618413,47,26.765176665621457
40,89.03519505957465,34,49.662776172020536
48,4.92704840336356,36,34.92561078385819
2,31.951373952262202,46,10.0
5,43.37101503989797,46,11.893564956225191
4,45.28201992734878,35,17.308406293919454
4,28.43422401470731,22,17.609905227547873
46,65.63162241878112,35,48.194626739344116
22,78.72723661400772,39,33.48817859561684
48,84.48473717800768,38,56.683231947379284
8,72.45840391195736,25,25.439906559433055
34,76.55221775759395,24,46.02393807359785
19,49.54907705579959,16,32.296081942009586
48,74.32994037841331,14,54.94983392979095
41,27.3153518233157,36,37.385752622715486
34,35.863088589829296,44,33.359846488972856
49,28.52217124366899,3,46.44731980283811
17,42.06486019031329,21,28.136325410201096
16,25.70216546147727,16,25.142170919742473
23,86.54502980290022,21,40.41838352346951
2,28.156016520510132,16,17.350556777105925
31,8.824008429984584,13,30.99243104840093
34,47.41354494453721,13,42.567888798310136
37,5.138917060065873,16,35.49945226083756
12,9.948884967772248,7,17.741553144433173
46,19.745045027662165,33,43.50874209969396
24,41.791522489392754,25,31.664654879219906
8,38.99258390781251,44,18.747735004406845
3,71.97226758025121,29,19.542586654522125
13,66.5527188495702,21,29.480050572465185
36,38.368646459163116,15,39.702542351179176
33,30.033378681806692,29,33.05377257666092
10,28.48219056553487,15,23.265434309077165
40,69.65955785646081,37,46.77250488320587
2,4.686516559914277,23,10.0
27,1.1539484559545243,35,22.886175250741474
28,71.59899527339833,34,40.697902903494786
8,42.943173839014435,5,21.73287834805451
2,11.779302469821838,3,11.395889787037238
24,21.200934113505113,17,28.196097701821234
33,83.92535577876443,5,50.07368674059267
11,77.35526780624082,25,27.964508909210483
41,63.88065452015753,36,46.85757365587771
8,43.40027073035939,26,20.449778498294787
14,46.829126357224716,40,23.47869700616356
39,87.77200817555628,10,48.544914042051644
24,86.91933994958585,37,38.66569791601851
4,19.374214120725085,15,13.9234615117519
10,72.99941096747864,18,29.680579691287633
33,17.751839955031514,42,29.04276127141885
23,19.218373009555624,14,27.10178359820188
14,60.84837307481191,25,29.285881835031876
37,36.45009887287936,40,40.08145599886053
7,83.83899663958682,30,24.5186531788436
4,8.010876140640795,18,12.72846963592714
47,46.037307672854375,50,47.04732748564384
25,82.66693773988091,23,41.972797488910274
17,81.37022944315547,8,39.279119909291744
5,14.08762920741671,22,11.930482335593176
36,32.99739300868108,3,43.82302238074063
47,55.72092600420266,9,51.24526086435578
12,14.345539629426195,8,20.17936433661335
27,87.12199548411648,18,42.619617601383176
4,82.32743958548943,14,26.241097550571972
12,15.025516113102226,50,10.462395288232354
16,10.903991513488688,33,14.487167967233859
49,7.686763452743877,41,42.04091945489741
39,81.8499297632968,18,47.371984272236546
44,17.42614288159147,48,37.58611376335019
31,37.46564356899192,20,33.595057441267265
28,40.39662290868027,33,31.032216063706827
50,53.91099397922108,50,49.65080396412115
2,6.456180937268247,16,10.615304174677945
39,20.408275566046434,17,38.57737428363706
33,83.83413482270335,16,49.75613540303709
39,81.75690965417125,1,52.922033020644456
26,70.3161582665123,50,37.22318657423137
12,1.7461121056393891,0,16.61033444833676
44,29.43060916464919,42,38.00654054089831
32,56.516286180861705,9,42.07692094361254
5,24.767119059612813,36,13.059975626128526
23,81.86280255483996,47,33.705784282554916
18,57.05005156491977,4,32.857799417112446
15,6.471604558480104,11,22.873850421407212
39,81.81050299521327,35,47.623317345166384
27,86.19899923586003,30,37.76706129730984
32,6.994117655255295,37,24.76216072691792
47,47.91242113751834,50,49.15573545818655
40,27.30278539927534,8,45.16170848149371
12,35.35551688332621,43,18.14909943621534
42,16.16860961598077,25,40.50490952168809
44,52.02648918111713,14,49.626135049765615
24,86.21814179240016,15,44.33463912054883
41,45.276534024444814,12,43.81286223189787
35,7.462312325503304,24,30.306524398413124
26,55.80012001296675,29,37.648761554239265
37,30.620069500613134,6,38.13752792662161
6,77.0332670632168,3,29.296259004316816
4,39.12103334848232,42,14.234801038212895
42,17.355564804802103,39,38.58963609996527
44,17.199506042203044,37,38.96965765598663
50,69.18877626490443,29,54.2236758800164
30,23.90288384766239,9,33.66949731343038
22,69.05100547433007,29,32.87058890764644
41,18.529857968993944,38,36.37377606776458
9,28.951773183117847,6,23.520553462753952
31,41.893827519572945,35,34.256899214447635
42,84.88762647241056,34,54.09004565283058
29,83.85582822784421,23,45.08317413570255
38,18.618468788005902,38,35.576852550695705
30,32.239713711876554,35,31.874296286023355
17,13.445944960839508,44,16.732370864243556
35,45.898657138214745,19,44.192908179492875
1,41.452429562519995,48,13.377654147842287
13,81.06841462056592,31,30.384922131593623
12,83.70048400119654,38,32.8383268379808
28,34.52106519065629,48,30.562289006047596
11,44.25641487170905,25,19.96028840270536
38,80.66126242315198,25,48.12920758845021
1,72.60370269705552,35,21.424955286442195
31,0.3290680210184349,42,28.480948511817655
12,28.805360776522424,34,23.783674200880203
45,37.95968177425133,42,42.843071992439455
26,20.674465531490853,34,28.467380725695254
48,17.961445430634488,11,44.3191279454337
40,3.40060559361117,32,32.105323700940616
16,57.90327525627845,35,24.15900777883048
39,23.625926143484907,13,40.855182003644686
30,4.711246058818178,32,29.67126577421793
33,20.788137947525726,45,32.059389777667626
23,72.17225575525138,44,34.10872332214989
44,76.6340263481892,44,51.97402674561136
34,43.47596206739724,23,44.94672190669101
47,37.44636033678176,14,46.625887488716415
5,88.00683241516036,30,21.754200857369618
18,18.05081936292629,16,24.49496257257696
29,19.382335456914763,11,34.69148787690744
6,26.268045933275978,21,13.208937813724038
9,15.548158645297859,22,17.77512950622961
40,34.142903838376796,25,40.404366822598355
31,81.97508042907785,13,46.81870213164864
33,55.38130565657168,11,40.688221549176454
27,37.075189375103726,49,27.003945220788136
14,84.09697151140934,3,33.96013231744488
29,4.361780922824009,45,25.757374029528275
36,18.924856011167524,50,30.236327249036915
28,50.92997445915831,12,38.5254927668155
21,55.399736087386124,17,33.288964400013356
3,3.5601755906351826,42,10.0
19,36.2734882116419,27,26.656864143958103
31,58.42385683477855,37,38.30878129871304
35,62.826349176306145,40,43.19053318261922
49,57.43259122646423,43,52.32519148708182
3,28.85069019248321,18,13.131182375181295
26,8.416811123811856,45,23.843015883803652
16,38.44012017774007,46,17.553406224605624
11,11.587899363124993,42,15.420046613666699
21,85.28612926686004,37,38.40182843127719
16,42.765377942036544,45,17.659647101640044
9,28.55332569211808,2,21.03223890028371
0,68.96736640070101,18,19.29928267917685
21,44.81537333240375,19,30.129513916637784
25,27.903062161120506,24,28.400753298445565
17,73.07709681517215,10,34.92816642138295
49,78.04369359010097,16,59.483380141271546
13,60.57073496598093,48,23.386663323399716
46,4.226798016690056,34,35.97047173519833
28,50.96905921498789,13,37.44853583049142
11,68.69654207975535,38,25.232816521602665
35,12.285271087522396,18,34.08386546422808
34,20.5803676246143,2,36.36012005912963
11,79.42455945613229,33,29.360167876255506
6,1.8109549667766633,48,10.0
28,67.74544240433784,40,34.61110236265242
10,42.63959632629806,21,23.279350505324494
32,40.20949429556462,37,36.811358179667465
5,0.6386879245398458,26,10.0
46,73.74584078698435,20,56.453569468506025
14,32.384241057290986,40,20.15569433095528
31,48.668906817048864,30,34.68182603646503
50,60.95706177020935,26,50.7482942134434
10,63.236661879412424,36,25.81695099479727
22,86.03820529434651,1,43.84335680806325
25,47.82059579129482,46,33.29269968531299
33,35.97475958769848,8,40.43638856241124
45,85.83332638425371,18,55.76772047129168
33,57.7899211522969,41,39.47260107897093
28,26.833532064890004,35,29.86088142119124
3,11.381782086321405,9,12.361210160594343
16,75.82990513186631,39,29.417255286149118
34,32.59634425147364,44,30.273236412029696
12,59.4422749227988,38,23.104162136991114
40,42.37347774293083,6,45.535395524183194
38,17.90368018155345,3,34.31842203676747
14,54.15179477584186,14,27.500627134455563
28,5.461476205561409,11,30.88344265207892
28,37.2008213884073,47,32.67662208027442
10,49.195344569730395,5,25.034180002690217
31,39.24422767067212,8,37.218847487648084
1,67.38049577258917,34,17.636135679087808
46,74.51324590907812,7,54.93586830691102
13,69.41187666298602,6,34.3676733062947
19,3.49316530306219,3,26.807049298227245
21,17.4715893401375,12,23.017364201849848
10,48.29467583373969,18,22.336004765501173
26,84.13398363994212,6,40.399851096171815
2,75.14610975469051,9,25.021952900946438
16,75.82810575166215,24,31.788886976620812
43,27.28873743837074,43,39.825588505419425
27,38.65031073708323,34,32.85649898889751
28,42.36353525843437,24,35.57723070331293
20,14.163442501491938,28,19.340810704761267
46,2.7961317220010686,11,41.05782187938184
15,85.22126095144652,50,26.652813208888407
36,21.664132709715606,46,36.10657208824798
19,21.59540133512682,39,21.059725379879612
5,7.504114839188358,11,10.617896425764737
18,83.56569767494007,5,37.47460853879471
4,52.17634034457948,9,22.30103292618255
2,60.03331714128185,1,24.72316037338238
0,82.04191985367473,44,22.409003062312337
37,31.105815201071056,24,38.646982501403784
14,55.93565800242757,6,29.419467451565147
33,3.4919509255998715,39,29.318528926984847
34,16.80952754080164,22,35.17717683760915
48,74.81212245809482,47,51.74998130522455
24,69.00915207045021,10,40.72107526834385
23,31.55784223114322,35,25.94107078772948
11,33.912956499679126,48,17.234545045204886
17,48.01989901982215,47,20.388032707490026
14,0.021690421662109438,50,15.084074493688407
43,21.71199024342251,22,40.15901483116508
15,18.7408627747393,42,20.7393002943584
26,22.54346520747871,6,30.496311568223437
7,72.53152582800972,26,26.110753255117633
45,25.170647089179884,12,44.84361732691272
24,17.236918984513334,50,21.543395503134775
16,45.383711471372834,16,28.835959866630176
28,77.90805327354587,31,43.085509164038186
7,21.72147334537499,25,19.07387606874975
14,7.068261851351883,21,19.549098493120226
26,32.07642622646982,12,30.395219310331832
45,67.288664210848,11,50.496575021155195
49,49.562149022531514,6,55.5903014464622
6,73.51140326169127,0,26.907697630142437
2,86.36329328483106,32,25.104568835054323
28,71.33962290764553,13,42.18580517339027
43,54.3422770959378,46,46.70585813072403
23,44.400742924714244,42,29.70005191842822
2,3.6062177713440002,40,10.0
19,88.58897809326372,16,42.740286555573896
45,34.51330103175383,3,49.5991552097758
14,13.700539252518013,50,16.149572284481987
24,60.003796985681106,38,31.735547252700094
29,25.58594601859134,0,33.123903036383716
13,52.72004438379429,40,23.125072676783056
6,52.80911170601321,44,15.164172783389066
16,40.11568388125823,23,25.129182796103283
43,75.25067539905383,33,51.802042218413064
19,23.84703553998987,33,25.08298678113611
35,40.37693324559608,23,38.44137811256776
8,48.392291573187435,14,29.050408063913707
37,59.72622486905696,16,47.99192607791468
47,70.55746654550305,12,55.15155446096159
21,35.53265545904304,6,33.18937794120533
1,58.14422496869364,8,19.969858858136433
23,13.55498577616672,43,22.86882859390295
7,83.93832904882308,34,25.866532346184908
10,34.47529257789032,22,18.1715046771681
12,65.65692797787946,46,25.696647864330018
16,1.8306973693959883,38,15.854334989238096
7,18.466842861432628,22,15.429935124163801
20,43.83742898912202,25,28.96321533258612
17,79.04272209591119,0,35.91234200958275
29,47.452963495560944,13,41.017268613566884
17,83.6883434064491,31,34.485145140746916
45,43.54172069245167,50,42.17441224612321
46,44.140418706235494,47,41.35966303617874
30,10.77721096504787,9,34.61220325849688
37,72.23906197369978,0,52.182448850493344
31,22.226887122035624,4,35.54839622276355
10,80.96512404350835,2,30.32476574353799
44,81.97417982973565,48,53.312698475906124
24,84.89791006867347,49,35.700000850507685
32,46.8207440192781,26,36.52112711437223
37,60.93844063052799,50,40.489442680860414
40,70.06642920554971,21,49.61355798546107
7,11.791315678541904,17,14.37099731632456
10,54.08614754977475,15,18.792760342171412
21,3.0868111172980504,1,25.66661427466907
50,44.78094750498533,46,48.901353427919396
23,13.935841345820467,12,25.305067234748833
40,16.463063336587624,44,37.813718587151435
16,32.85428100233414,15,27.27059795108526
11,38.91934500448527,7,25.371419413124073
45,56.085518207896854,42,44.388926975214154
31,6.69855765946641,7,32.54744837100944
14,45.332258511370014,9,28.226311549059297
15,16.4362617227791,32,18.823406194862706
21,51.65776575285677,30,32.31423244426095
27,57.36641510350651,11,38.00182190421249
19,50.10383308975685,8,31.57751065846342
32,66.44659594304768,36,38.956576373200136
9,30.20483198168112,8,20.238492905202403
39,68.85959324698177,47,43.72193774783682
31,38.94903735373743,17,36.567588441235564
49,43.576604849033714,29,48.203247098483935
32,58.32919145349643,31,41.26403417263174
1,1.6522545599301564,39,10.0
32,58.85947992782235,22,38.30819167080533
32,55.67266341649038,10,44.993455550237606
40,27.886240507795193,19,42.076178950541234
12,7.721485640954054,18,15.458139926980843
29,8.184190492173704,35,26.02707032811437
32,83.09013722867057,25,45.836003085159206
12,62.035138910325344,9,26.14699399392056
25,11.439235239366635,23,26.164358153382665
21,32.105085237801575,12,30.372108407940484
38,53.32346945114368,45,39.02595157061956
1,75.20145345815838,33,17.83058000559323
37,3.9294835841707676,28,32.88318381960895
38,21.296981832300798,35,40.025897224453836
25,80.0774091265842,6,41.18901780406773
45,0.8248995165434836,50,32.79088977139808
49,18.125919251449865,29,43.174196319577014
14,86.31217583756694,16,37.80189024599554
33,55.206166186995404,47,33.78642406661354
41,23.55042299737558,12,43.149732862016336
43,6.029198495626284,23,36.91397330347257
48,2.537220640249994,30,38.83804411033489
39,22.027057167323456,26,35.78507799423221
10,79.33372376300194,49,25.018802435698067
2,37.43222888677585,20,13.92384825084467
5,64.83000322493938,43,18.93136247361814
8,82.64565318419619,0,27.198142650213207
5,36.723641544253496,14,15.276903514896748
8,17.214963393365736,2,19.416438641866147
38,46.54061377712275,5,47.68257626327523
30,81.7275318353869,13,51.85516462069643
31,72.39369727239306,37,42.477846769625216
40,5.924685902683841,32,33.3555423579043
49,62.33155200698236,37,47.24904745560371
11,51.470777021305835,7,28.023688264909474
7,81.6716858711783,25,24.579286281611097
7,11.02332751652675,14,13.390310600880342
49,48.0632501884191,13,53.734704811706585
27,79.1516424160703,47,38.26873852307328
19,36.90214080675687,19,25.972298279564118
46,43.379542595958036,47,40.41310969824871
6,6.341460990026246,18,13.192779173897542
10,25.032927640401972,32,17.877978692389878
19,29.20559842520526,35,26.898843057256055
15,85.06102038703982,23,29.077962674606297
3,25.440062448704314,9,16.07444823233838
5,41.47818617426868,49,16.279173776302482
21,60.41739812078518,33,30.992987772414565
25,14.596503516708966,35,21.97598110029417
2,43.7798148427687,46,11.406384267342807
40,66.46851355283168,35,46.11853333199326
41,78.01696917243595,15,51.079392722705656
13,56.3633347196184,14,28.88044246249533
10,60.21481637852531,17,29.05166862843724
17,11.365512532611206,6,22.47444973976283
11,85.11988475217125,46,30.26342869627611
22,11.931666973603413,21,24.405026528749882
11,69.72056434636185,31,27.671971638871728
12,23.833468960048695,42,16.63248567983128
24,84.02338293311264,18,41.63433416450686
44,64.79635854325316,39,48.986753560002526
50,67.8432341680532,0,59.85226834561111
18,19.7153255753895,34,21.4495538032343
45,39.87359789716447,4,42.213147550643626
35,55.60318751303578,49,39.46171414700702
44,69.29762563859408,11,49.068947895614485
7,9.356343832115062,11,13.907498242988783
28,86.61287848090755,20,39.140091960338836
31,80.11986034991004,18,48.42107848211645
50,24.33137314460259,8,49.500881551927755
43,74.04842187290988,42,47.95806080960251
17,46.64915307358411,48,26.86763875366719
5,41.562583340581675,47,15.826574340351046
17,28.299069523026485,35,22.55899542048943
18,52.28717279684332,41,27.69772322568248
21,65.6900205933238,46,30.17388114395532
36,36.983961446648244,50,32.617423417593635
31,56.62972737074629,31,40.297728824180176
40,62.938162903977336,34,45.34569364110338
2,64.00096353137573,30,16.181948316047105
27,4.6769488318062225,31,26.200143531888088
9,77.37730251165603,36,26.457173944958846
50,41.24279832885431,31,51.99819894167559
34,23.6174473526593,42,32.7605541083893
28,21.75880567317134,36,26.189648583374737
14,43.471270155955544,38,19.213949298797736
32,79.81483855220633,37,45.34155688467196
6,34.051282351438225,29,16.533008336582935
11,67.4753172105189,31,24.813454916920016
48,8.713685788849673,44,37.30340681941878
29,42.84510319359556,1,41.31570883092982
20,89.25175263534621,50,35.293968725576704
30,69.33940225131033,10,45.56223555102665
23,18.94756395965517,19,27.52994220133978
19,45.129732632811965,36,25.25270182723863
36,21.026228728370988,8,41.778399993631666
3,36.86048345362583,37,13.13999723876698
27,70.20756213614683,48,37.35033436907652
43,69.41023337613633,18,53.45047708350998
19,20.529034011214662,39,21.568339282073076
23,83.00009863393741,6,39.57357361383336
49,53.331136448834414,4,53.009909203672834
48,34.19318618658131,46,44.89300352354911
50,45.174202270277455,41,48.9524805945593
31,54.45641280939693,23,41.74260929541059
40,50.390147866120685,47,43.30661802217083
35,43.776453198256036,40,35.34934858977479
33,45.44395236804601,6,44.17607342396838
35,15.877071938509756,10,34.12306177177503
1,73.14596138742114,8,25.318781690637444
14,48.75842879469138,48,27.194616024861894
33,11.797187553423278,29,31.734407507079258
35,68.95413914245002,40,38.73326436865963
5,83.91995805396158,2,29.33219637502057
38,85.25762093132658,21,54.85119960039167
41,33.211595917005546,39,39.07812556032784
50,12.196518620467863,50,42.59329179106939
50,46.65596639697586,19,49.56794601517978
11,10.134830641429861,31,14.365611433789883
2,84.05886766613555,47,20.730365577769888
44,16.52216646196314,6,47.10626163494028
17,22.748927395604767,6,24.937905771543253
39,36.59728741964734,19,37.99857313828136
20,34.48480217032132,24,32.06092517288143
14,71.51966031581001,44,27.958866598923393
32,41.06851384958661,34,36.823030695380346
34,15.36914340030032,43,27.210112787334374
25,24.04889059374667,23,29.37530722556644
7,45.82020466687698,39,18.252234357999576
35,13.27085256835214,12,33.42165373835037
47,55.04901080814127,47,48.19571425147045
29,50.91725758960313,38,31.37070118551759
22,64.32320847440319,3,35.86803391149508
41,84.3934153841431,11,56.35259118215826
43,82.10291049910401,16,52.66891349154589
13,85.14680562619482,0,35.14264518712194
13,22.024403732133084,16,21.284881312381266
1,11.840877597541915,1,12.174280990119241
36,27.204903044680364,5,41.27275486646084
4,80.55766554896832,43,22.813489287804895
37,87.48481271611394,10,48.88367429871528
44,77.33924559634283,42,48.49810098598786
40,9.901594901478925,17,35.74424192741964
46,85.26851982538139,39,52.476887296079255
13,38.10222246157074,24,23.34439802447565
38,0.8379261686118311,38,31.68016053501515
24,39.81543666733742,27,25.97720880260023
19,4.146225270792083,45,19.42936383940887
1,48.94901290450058,15,18.058067219185315
38,30.46986246933462,11,38.8031762700653
5,42.60914402346439,40,17.92646960935452
16,55.18533246688053,28,23.825904830966252
24,78.19209862360383,22,35.98697119872433
27,59.571141882473576,20,42.072540101314566
1,39.06439816303626,15,16.555491581687676
34,73.74850683033286,50,39.575208025314524
36,81.5023923815819,47,44.667475154842585
4,10.77839697889775,40,10.0
0,47.87396797975123,44,13.046344566541817
39,25.606076376819974,25,39.649484249513065
11,4.2355078089252665,36,12.75105176386765
35,60.16920256025868,21,44.09322248413046
44,77.6493699713303,50,48.5138250340935
22,14.661238902965465,9,25.3405132457735
46,73.11722918615105,6,53.71130893130679
30,76.80561601832474,8,47.79927558640149
10,82.29063983998351,24,31.15294302119624
9,23.87565801774472,45,16.399256183077803
2,81.35577586709003,14,25.578687980434513
13,28.859647926278903,12,23.523271517182156
15,49.71042121099526,41,23.935355447772093
9,4.545672374905392,45,12.774115937386075
28,3.9492979531869246,25,25.95016752346227
9,64.83358914589826,20,24.298654994678763
11,40.00319801800119,22,23.443194348032662
29,23.06631378322958,43,28.158990983058764
40,17.13721464224192,27,37.87728091649707
0,60.295814177329625,50,15.981414355683217
4,0.03613896228058855,37,10.0
19,72.53020522771688,11,35.71819649871935
7,7.132464551693594,23,12.255670833818765
42,17.23406534173075,12,43.620395073252176
11,34.76127557691807,39,18.830894130978074
0,43.63728657444933,47,11.9902116988751
19,31.949560423254766,1,27.227031537388118
27,28.86409484858645,38,30.434408150344687
42,86.75244108658696,11,55.956703004220664
36,57.74217131190548,38,39.37795753213099
46,2.1089659830649388,50,38.96778010626997
36,38.715831759988184,13,41.667555197014764
11,78.75078297695732,29,27.852935814180178
36,27.131056776960115,40,34.62050681404573
48,8.510071029694942,49,37.2148683873257
48,68.2546294430926,42,54.03868021073052
43,54.54124487424731,47,45.82461051957388
27,51.32812570438535,18,37.37369533262833
46,4.8218903646667135,30,42.09806993403773
14,12.644910881596559,42,13.952520715335464
5,56.02944565918024,49,18.907684229818983
43,18.704145731295224,42,38.63533003239382
19,45.36630717735819,24,28.312355632028
49,49.03935174264541,3,53.205895649506495
13,25.515647124384547,49,18.699486036122746
1,85.35826399873436,50,21.971430092188655
8,75.82176961520176,12,26.119833558620016
36,65.01361568695187,35,46.58556428011327
19,7.019447976846818,41,20.839406992201653
25,9.551701737811749,36,23.447263127247588
28,44.350321127846016,2,36.58756516603407
0,14.46420142718871,15,12.86373217381634
34,88.04389171765267,25,48.65158033748792
5,14.26682106246685,39,11.936178995091456
36,43.87210519175766,38,39.41613016658174
4,32.770895115735485,18,19.083273907157018
32,57.54477793086882,45,38.87082850357391
48,11.613276800048242,14,42.754900928662586
50,38.728478523815184,31,46.91077795319619
13,24.72345295264293,48,17.556593020217242
11,79.89763722045193,20,35.259020213037054
41,3.6527140921225576,0,39.13097038418431
19,82.23547446058133,5,39.72333892448716
49,74.96947246977004,26,57.183084227877025
23,26.781364479673393,22,27.317852216563303
42,71.03615892093943,46,48.302200014452225
33,2.8092204304872803,30,29.189801333336824
24,87.01789952640543,11,45.053372910373064
49,47.39354483308104,20,48.88953358507957
28,27.295292345890076,1,39.53683301603007
38,32.632489133520934,4,41.901515131024915
30,5.976481811444763,8,32.038227089692676
46,89.04145626378353,19,57.16805373399389
42,3.5362750635623206,45,31.199951027810297
49,58.94164108330731,17,55.20483948185897
22,39.846233493581245,21,29.690622115363748
43,85.40245963698436,7,57.18193153917099
37,22.139976627611563,33,33.767731348750466
19,47.88781415442102,8,31.157929763098394
22,43.412058772447764,6,32.59351286043975
44,63.25797996450912,29,50.20282592045336
15,6.120920875717846,17,19.78987184097795
49,17.441021702101935,26,43.53501695282564
41,19.310833808356485,15,39.57227840454385
7,66.43356793575207,20,25.816533850814213
49,17.022482669406607,4,47.49992728319715
20,51.6142587501879,28,30.380698375137534
0,19.371943845085834,46,10.913069442656353
7,77.54624550755806,36,26.11312178127776
28,84.79669090406746,42,44.10740518041448
31,46.66436774480164,21,37.743861649002284
37,31.707799578826044,13,40.19473339734107
4,21.065199751574923,18,13.302199880205102
46,4.480290137073939,34,38.59987277048186
21,24.165006857774586,23,25.431674928922916
46,58.88122019507861,41,46.88992868932056
33,48.025523817828976,5,38.154503094731055
0,84.96371504528346,2,29.62443332702386
25,35.66495362425305,33,28.916461348179038
42,62.447700809555506,44,48.2394830250734
9,44.039047272760925,49,17.565314362662118
29,46.13185943317905,1,40.66554167277844
49,24.099688314370574,14,47.168535588423545
17,40.94556991577997,36,25.518515011123885
16,42.37064973114365,14,25.556057618891735
25,63.59782695740405,31,37.93426565545869
7,84.65759992675025,20,28.097839349869105
46,29.638914973425386,16,47.579136265906605
39,3.79804217231686,33,30.188267669427386
48,44.666561295057576,31,46.374293965383806
11,49.001519893425176,49,20.89386817884159
26,15.159649601872372,46,24.004663929074603
7,68.441814564846,22,26.20208942570612
24,88.64361975973425,34,39.843891176137596
45,85.11972453076149,36,56.779831849082015
3,17.739543494128696,42,10.428598527898576
32,78.78269159106847,40,41.291177321208444
0,63.404427277051624,36,16.494412736075994
18,40.84619074262204,32,28.377493629451315
30,48.65498948922561,24,34.07431473351936
15,76.46401574842123,45,30.16119313110158
13,43.212144567453585,36,20.110868199838773
47,33.58866321946142,39,45.9861877157607
4,44.392274372338726,20,17.813989169802998
40,52.12168236315442,45,42.72680847633488
25,17.016988840051397,47,23.92778432525162
27,81.08169572402916,37,36.792947596270714
1,60.676825394665244,39,18.26600498992205
49,56.994202560374,33,49.30710801240854
5,8.954660356257433,18,14.194633035752926
8,54.375654435533264,26,20.57113125075478
32,10.88645960146431,8,33.861423163001476
40,7.082790767585915,4,38.894687174985236
24,47.4579806078154,4,34.48642849520166
47,36.25069806418455,24,49.309639740592274
12,52.99292431406009,25,25.315669050461622
8,8.029995125151473,18,13.662689490643189
12,38.788475656253254,29,22.405205690399104
30,15.730804354064217,35,25.984797417625813
40,88.83900773317049,47,53.62119889843628
10,50.503519119165695,47,17.879312359839854
3,61.86931748467806,15,23.32744573504572
33,29.287645261434704,6,38.17976365768217
37,8.526502330140973,17,37.41615718052407
45,87.82837765051829,20,56.421517550261974
3,25.76331318448649,30,11.47607678667467
37,38.142736665621676,0,39.812595283338865
18,58.48775295323175,2,30.43734411640052
5,2.2227567917500157,30,10.0
33,72.92332174655583,24,46.82534996833268
17,48.292037102575826,7,27.164109349467466
12,25.039546836193992,0,27.106646950372124
40,5.5447186763222325,6,40.382819535329844
22,14.62485739269973,6,24.72753603499026
18,80.55304729680932,7,35.490251355097634
44,61.74218015423019,18,48.47958018979092
10,22.491154947320087,16,19.6968052853471
0,5.904068845052658,10,10.0
23,62.155378114797266,46,31.443820051022232
6,51.51669533709886,40,17.494075089052593
24,36.40675720124115,48,27.23772998429186
20,32.72503042710574,10,30.719272245258296
14,19.513284833619746,37,17.89626048501964
0,60.265013088376584,40,14.727654513806298
11,87.36012250144834,49,29.806239342592686
6,15.814372125314327,1,16.77017808828551
14,53.740495801395305,3,31.20203788704886
20,38.17665501713786,49,24.085535844894604
18,40.20198495701984,27,28.760480627350088
28,22.873255211503295,32,31.841137007272167
24,74.26213880952771,10,42.54902864044143
32,43.6730043732517,2,39.73084877227875
48,48.906526697843766,39,46.40707015541687
31,27.42848215175932,4,38.333174066534525
48,16.362761910025476,20,43.74339662469958
34,7.731934938253843,21,32.127981804788305
43,64.27072268324243,36,46.16431898153625
37,17.661085351907005,10,40.751070329508416
25,62.106781876991796,43,35.552341650858
10,35.13388014422585,21,20.63881364594527
34,37.41973208906863,40,33.99316022863751
7,42.22597464834946,12,20.16587149473286
45,33.09376573147889,2,48.08522971946867
13,9.055797950033108,12,19.88469939606821
9,27.86686290025612,27,16.098529140580332
1,59.73609246245446,10,18.657475389599917
45,59.92059613219838,10,52.143427673224735
8,25.760187651599495,20,19.48136306604123
2,41.409236390191914,20,16.829512437633934
20,17.410250521074374,6,26.083314427518697
25,18.93348733768522,16,26.626696715352136
7,2.0742379565946667,47,10.0
47,80.70718949169701,13,58.8482638573547
1,18.96359985674156,32,10.0
5,20.478048924281698,10,19.64105598836811
27,25.164128938061864,12,32.30296806600964
28,11.46672645258861,0,28.720675140253938
25,57.533659486322655,33,35.06320670501897
24,6.762865785982791,8,27.853016423642053
11,12.078218369371523,12,17.440407625301223
4,58.028105393108355,36,20.88422784574635
33,30.569455843329848,29,33.624185911951585
47,63.71530440310701,40,50.90703514696929
36,50.168227020312784,44,38.564085264324675
14,23.041905575536177,36,18.441206794668467
43,58.57451554403953,46,47.6008932642885
35,10.46463122635926,6,37.660017830086986
14,48.27693447720274,13,25.290465334741008
42,39.34332945405312,47,40.97926949570029
47,24.10862245356967,5,50.75862913636297
22,54.36044979655501,33,34.05985912993087
5,78.42002331062542,15,25.11526531685264
45,89.9014229786769,50,55.17224406580991
49,54.698649186908206,36,51.6998042318282
43,36.423528689625314,35,40.03756080142856
42,20.268639019458146,45,37.11907736486012
44,23.138648045560057,5,45.633053885303006
20,43.15094803347891,7,29.4263261141819
22,33.054993115263834,23,29.973186891196526
42,82.24330703624499,2,60.0
15,33.14659208901386,3,29.409770553163106
46,33.610013203089196,31,44.59597932793025
14,34.518106119057926,0,26.140880152757095
24,75.29581893308922,33,37.565940869723846
35,58.570948876221166,44,37.663754188008234
10,55.27519652870034,8,25.89994972107001
50,30.072872014547595,11,45.441032772558685
14,73.61137591491955,9,34.0413942768107
3,3.452747522013102,9,10.765547734424787
20,78.37174551043019,49,33.56045202776239
12,46.147490981453664,43,21.41903815937223
21,35.84252113770715,47,22.796893086517827
18,44.74505526459171,22,28.64998906295194
33,60.0673977480448,5,42.93653945103042
13,1.1488883866107624,23,19.190643839128395
3,78.43966708124229,23,22.650962423694303
47,40.20655727802536,20,47.00116401598916
45,30.866986773007035,41,39.49620225357994
26,12.44210090706514,30,23.987971422051313
28,39.55188369225979,46,30.670502664818446
46,44.669049415594095,40,42.64282947288092
27,36.328202504413,29,31.439852054305323
34,61.079408444420736,33,41.92592583718448
7,37.88068758833034,17,19.078849498439993
15,86.5275820061916,11,31.749654578522943
41,53.934976604123264,34,47.05491810540332
35,72.6730142086718,6,48.6677695125912
29,9.842031279853096,40,26.82555430884693
17,35.756216365131515,39,22.7371178958303
1,30.316293130243743,24,14.785044677557757
48,51.25341493229326,5,54.97667367664104
12,77.50021680552831,0,35.9759851525144
3,7.0504395985806,45,10.0
25,6.531731824023971,15,23.804395994173202
24,76.5285937341839,47,35.86606383603157
29,19.156507743452167,3,34.21616761859126
10,60.18779290048323,28,23.740259455815647
6,48.85903191247247,37,16.81809419340759
30,74.96042353985065,46,40.17816142946655
43,11.258001885276318,27,38.14992693656482
9,11.680466915035016,21,14.705852004164218
38,50.11365242504768,7,48.91754254924985
12,85.17407880225338,31,32.12789962735365
30,37.34979825336788,32,34.53903232972054
6,29.424789022922546,12,20.7218223673383
48,54.60203908780972,26,51.28116545308531
41,83.7403740490528,17,51.48986331748616
41,75.32350495601614,17,50.435512250135936
35,89.59352496598979,12,52.08259042011303
19,2.0311724882139384,21,21.805912101966868
3,10.157233024148601,13,13.074073467782675
6,54.85209870299598,10,21.395015736740216
0,73.85187954004647,38,20.697087812439204
43,25.67199080760899,49,37.75437051596568
44,21.52899792307969,21,43.15568280249764
41,70.82782194430808,35,45.955236144290964
46,5.074366846790842,16,44.74694193428738
12,33.24443828243266,50,18.043879464322586
21,45.522830033309674,31,28.319471392129966
20,50.43138069152911,13,33.428648162578874
21,65.57536411134991,41,33.38118927336191
27,31.936115108759243,28,32.35537634383032
8,55.14159102071465,5,23.888709721339087
25,52.68378805118607,49,32.972092607882296
8,49.28544905883724,3,24.317369305581884
14,57.6434963827991,10,29.796510402247694
9,23.350425396126866,44,10.0
23,7.618387822616608,39,20.845576311996677
41,10.734450483576909,9,38.55619468089632
7,20.212414438851095,27,15.793698558601657
23,45.01781419705067,10,32.55357018571364
15,75.6398475491418,34,27.28476666401938
48,63.11640078795457,14,54.61096750257792
25,71.01365437818424,7,40.15187221121621
26,31.587806153348225,19,30.210460862007917
36,36.418836748369515,49,35.308820049363945
3,35.43136973915515,20,12.626792925505308
49,17.268586596405136,0,48.99463692420569
23,5.509499232921482,28,22.636294743118967
18,53.182448354450415,23,29.25188752211
35,89.02950150785274,29,49.86150051678134
38,15.014673445523655,39,32.68129337766624
9,4.201633790934638,34,12.557638818153233
24,70.15785136415397,32,35.77253642670479
17,22.732740601625178,19,30.02844260654836
18,74.66794248176355,15,36.260387621077605
35,63.354300033106384,8,43.687946408205995
9,85.11061833457241,30,32.326545981325694
32,36.80345121810048,16,39.446677492938186
49,59.57728555055707,30,51.80538063362812
4,41.83693027319436,47,13.242730684944366
46,56.75298275776891,22,47.59784325920125
48,40.46390154069636,5,51.80385609453553
34,16.976902178166736,29,31.495067685133133
43,45.71076744030428,6,46.582216772847836
33,47.57257812936981,47,37.115334694681906
32,72.9543463434145,39,44.230678666101184
20,66.1968635214223,41,30.13682665874971
16,59.741246154729964,45,28.010036151610244
21,10.204838599731529,10,25.665405976698356
47,64.85546615973435,33,51.63875029723741
36,45.02746407190633,11,40.91825064005291
14,80.46895824955433,44,28.86909382184217
34,82.78838407174885,46,41.26440179707213
27,4.964093154160691,26,23.547623934854958
6,73.8577404319031,11,28.358098542453327
31,3.392765138040356,12,29.529975205545497
10,33.04526631255204,7,20.728887276805704
9,48.80699780589712,15,21.39238187954593
8,13.32907187644147,28,11.038339210938423
13,67.16824313121691,34,23.52083372388491
12,0.7519233754924715,28,14.572274271589162
24,15.173914359063316,30,20.079933245748055
1,52.271714686812814,12,20.2969812783284
34,64.29488058335632,11,45.93752541032119
6,82.49787924245246,50,23.001326265714777
20,63.494698674116144,1,36.69720781492654
17,60.46013432293793,32,28.621306573031358
2,35.49070317155979,7,17.898525289293826
41,0.11559829741212724,40,33.150253526067445
38,10.814333286205976,39,35.51588938420097
40,48.109909028043525,48,43.48764000093379
48,60.76168972599777,40,52.75672637949594
10,37.57034555068162,31,18.268601362536483
38,65.76111103755512,37,45.71767256032213
23,46.967606579896085,27,32.455649591765315
45,6.675857603488099,14,39.43726194942366
18,17.281462587115396,22,20.983585562801604
3,75.59984009195486,23,23.016567045646514
25,65.24214719619955,12,36.626662596115345
37,80.52857883112455,20,46.227153228978366
41,10.580152420884291,11,40.160794657560906
31,89.12002811535665,12,47.7894705783854
38,18.846604255494025,38,34.7244935543459
44,1.060188865797781,22,39.56543124192688
45,89.76806451481987,49,51.71186412995765
35,25.296649690060182,45,34.47006384809768
39,60.121750726130394,42,41.546396776038534
36,15.901408275867468,27,32.83984708771829
32,52.220567897922756,13,40.922089811359974
35,81.36314878091034,16,52.61526161565067
2,28.816305068559476,23,16.284065694031153
8,60.32285784399233,33,24.910618667318804
7,16.911322991857485,50,10.0
32,56.23158588468527,47,36.88652476470431
5,30.280531663575914,21,18.048319840641962
40,19.008743272915652,9,44.62240425601826
38,28.186384563327163,7,37.819821526042766
3,16.09569616570194,20,13.781057965767475
12,81.17244970540945,36,31.363237104875925
48,35.7468197685416,6,50.75284838522646
1,22.07513744769306,25,10.0
4,40.35670569143396,12,19.577858382821383
43,28.8482550125846,15,44.47729611177026
26,66.99773284319933,29,37.605115681448865
31,87.40979206969449,30,43.312025474234204
20,39.42302910278821,4,29.666915518835797
7,77.49300599750164,31,26.660933453527434
37,50.92767662036576,15,42.48280381280127
7,14.151209858481014,46,10.0
49,62.15604678732074,8,55.25192207498098
2,46.20910474132381,21,17.81136122048853
43,58.55458709268931,43,47.43838690682699
2,80.07186713144985,39,19.172256691338024
21,39.63911135904414,44,23.43809096855643
5,81.10598608956201,36,23.557008030243246
1,67.56021128534894,13,18.6616745496617
22,43.97444332901863,15,33.11800729259542
43,54.289992209216734,42,40.6708416769851
1,29.30230192671103,19,15.125207419571696
37,88.52375697648968,43,49.37276626840755
16,60.06160467453564,14,31.6317372861067
34,3.946216724696691,43,24.424605443899793
33,29.39597151732079,25,35.441443117890515
22,56.098299038315176,8,33.82617936104679
29,5.0699950019315825,0,28.90999232197493
7,2.149577218722849,34,11.388781629675695
21,40.50218155750223,43,27.88415804629389
43,29.9421161723403,19,45.809808127426294
35,39.44687472298493,44,35.21979403603145
4,23.642397889200463,5,17.1223623841881
12,14.824597224868283,41,18.54563706983469
28,62.02290212823039,9,44.8451574478831
30,46.31140046410204,47,35.37302145917675
46,18.013879012443013,32,40.30285924601656
15,28.763048363399847,15,24.01712001995197
41,53.26271168969933,35,43.746151494518465
29,6.500641344523006,5,32.261390736514855
15,13.27077083395616,18,18.81484064352429
11,6.59210436966511,30,15.161087236561219
16,73.1085599442707,1,36.324468634093236
15,67.71683098908083,17,32.260867249012556
11,67.79816386913313,41,23.064842192084658
7,64.46928091284252,27,24.23826298182177
19,60.244688130288225,3,38.437533118583985
2,42.92927238403575,0,19.071949362520012
15,57.805034715640346,46,25.680482436442997
29,3.4525399309177187,41,21.156440494612333
44,55.93179803911061,49,45.14214844150652
22,70.00899349831894,15,37.58493731200556
27,45.032252434595115,44,31.539398641503
50,32.17619955845132,46,45.99596897019456
39,24.96840613208812,1,41.58560775830317
4,57.85218451458742,35,21.47323997574486
19,62.35210787669179,0,34.00415946882078
39,78.38708398762883,38,50.163983862422995
43,30.810067421489165,22,43.38732364773761
0,69.2795076647027,25,19.962620707158695
29,50.522024177040414,10,36.040803623328955
20,79.45528416102712,41,31.521658891511358
19,47.503089746605866,0,33.50229689817046
5,46.58668455581705,10,19.883720715012984
21,52.00893732968182,23,33.64189295925046
17,67.4383819628191,9,34.612547895955984
7,86.82214309456148,13,27.464399947784525
38,6.620701879418909,13,37.496313587101234
31,4.809114215191545,6,31.437000671001854
32,84.37953036666046,22,45.88438613500829
15,47.688806296638546,42,25.82693246841064
11,55.341271311024244,21,22.829654716201446
37,43.418124143525596,35,37.08435594944991
33,8.429170734672704,26,31.536993208684052
13,69.12804405767999,1,29.37807019861938
35,67.25021805797282,38,41.035748258339936
32,28.05329893435308,50,32.46757938684049
22,27.561532070556037,45,23.944848187173417
49,75.40572428149666,18,53.9322846426054
44,6.512153196719396,6,41.58062590043823
1,79.29946335209092,11,24.100125450299604
40,23.099552090632297,2,40.91532860805093
20,53.36862729799445,46,34.88664160835252
1,84.23947611016,4,28.09755099079468
26,61.031025138298176,7,38.78928093700797
8,37.298683122033296,13,22.906347652120456
0,62.05807880148736,35,16.579642278097204
10,30.958167268473318,6,21.255361915184608
2,24.953257471426753,6,16.089543502394868
22,89.70149501412118,49,37.00767916320466
25,67.5711208061809,45,36.11571336264132
3,58.024797964363586,31,21.9022907533575
17,31.97606788973869,7,29.620224618973047
5,4.424474623954334,11,14.448035152318962
34,2.795118843164005,9,34.92755868597816
21,49.876312990391895,13,35.09466261461639
42,68.5829448935146,8,53.33624095575745
14,48.36412713994696,37,20.752024154111307
21,75.67065647452031,29,36.479420918630844
36,3.0083879783899468,4,37.955631846775645
41,33.00768687833461,0,43.69589902983294
11,21.336335205676026,0,21.18315672063224
46,40.254567134140984,19,47.28070754319525
48,6.513875387471023,48,38.082983200395276
41,85.87184774139654,10,53.264166999040974
37,20.092986096242484,25,36.28312144792919
17,83.00769979352263,43,33.07804453809302
44,38.330383953301364,2,44.145528255463645
34,88.69717199296963,5,50.93898809183703
29,49.86525451141897,42,33.20789599419178
23,83.77495777582267,44,32.84123241994979
41,0.48140898248005604,10,38.42468117261387
29,67.34149255628101,7,43.34088181178907
13,81.27455877922638,28,31.48477025341805
5,12.574851028105867,9,15.8859408086426
2,8.651326655893634,33,10.0
15,38.211534646736,23,23.21651025911058
6,84.03110155196416,45,25.70218593314721
13,48.814790417139484,47,23.601433109851232
8,47.471081734955895,16,20.52260151997811
14,12.701350646938968,31,19.45129927778075
20,0.07105599838969079,10,21.947131443528097
34,72.9126081670915,33,44.658163722304124
1,7.88171066876144,23,10.0
26,57.04648368617916,4,38.665248643206354
1,82.31548090636723,28,24.041516449242685
34,18.77867218425879,47,29.839465776535913
17,59.87455526132197,47,28.985496568507276
13,7.082871903675851,33,18.056036715596022
19,54.337962945385165,15,30.823444876033836
17,14.753854885788247,24,20.916315038459796
9,66.23582044636602,36,23.39887480725739
24,27.11081653145174,7,31.92267381977826
1,41.70519079241816,28,17.461150589229977
24,53.94874878248595,45,27.504611804600646
32,15.414606959961562,24,29.0463155756446
35,66.74740367558589,41,41.53242938274578
30,27.23763065731331,22,33.519386721577
13,59.61346739214781,33,24.190107206156405
0,14.24547456294363,2,12.910575343245407
45,61.93058932857152,29,48.054204531601975
15,11.536926552941557,49,14.563830451316035
45,38.28208466429852,33,46.74567537402651
2,22.248546636498915,31,10.513443101180385
34,67.35377244853643,28,42.34930484979006
40,23.58315040561871,8,41.780153833124515
5,79.35455757558566,1,31.4054929191666
24,80.26381902659516,38,37.06671915939051
12,17.679718370050725,6,19.919461561143365
33,55.24613505069519,45,38.557477784424044
7,7.894587754796789,4,17.50438888036317
20,35.23833896414663,7,32.286990712028555
33,64.1989556551145,31,41.218465823779226
3,59.34809221649246,17,22.369968757086667
24,56.22306024659471,37,34.07539526969095
14,25.42867772961992,45,18.499461372434027
3,34.02224544909618,17,18.99333176116155
44,9.265153023025757,48,36.75579892561699
11,64.7120538390241,40,28.408142267085555
31,45.349991711214614,44,36.005419391363425
31,63.78890691110891,15,38.3543621890599
27,22.40491723171855,20,29.58423917218823
12,29.19944057715596,9,19.654197815917417
30,30.07938035341032,41,29.588234801037434
13,2.316816877249458,3,18.370639116786112
19,30.69430855475612,43,24.726313761038856
17,72.29741161662302,7,34.43017061305764
28,80.75686461747647,46,41.63978943272508
5,46.63964840723347,18,18.79086732859599
31,40.99515256972982,46,32.42207410817816
28,2.774215682943323,39,21.82542273664797
42,79.12839038268444,39,52.26477422749573
1,1.1709192083285447,50,10.0
22,85.02750721891906,8,40.94125169355547
18,44.02946238192816,29,24.094560918992254
30,30.774104421725394,16,34.33844659678265
50,83.1796591358394,39,56.25024136349494
4,2.1951893799087063,43,10.0
18,52.32824053821784,14,35.66735216011282
33,49.40392720494039,3,46.18146837224929
9,19.738836109024387,5,16.000124742847383
24,38.59986882151895,15,29.96236637783197
1,58.70376053493932,25,19.608197797392
10,65.44180771937347,36,22.544604823729237
49,0.06451728359218034,22,41.37871377563494
30,84.31680870819137,12,46.08477039507077
14,14.807283515353117,46,15.78232105147472
8,21.022239080012326,16,19.4420477763085
22,23.71261011244634,26,29.85736078133442
18,3.403812289683178,21,20.922917513873806
8,11.074691123129242,36,10.0
34,88.77149306497458,18,49.14206986629839
20,28.369506363955747,38,22.805599153188965
8,10.37709813051444,34,16.559966569586102
27,9.629213505716098,12,30.412165736749092
45,64.75139709029747,13,53.30531830454796
50,76.91117976293768,47,54.63144777958817
6,23.12570695576229,30,14.248414777340551
15,1.8818561101711473,44,16.78048140515039
15,20.078101660082023,1,23.2238423315779
32,5.08641217170816,45,28.587357645685117
3,9.305544296703737,38,11.445114333306432
3,38.83573078628781,36,12.839248913557435
38,20.692653377546932,13,39.463844270897305
39,46.4351290672881,8,46.220133336715705
16,22.814437793147132,9,22.263858055422716
36,84.64835709926528,6,48.49170844843331
38,81.5349571133638,27,47.02499568356046
28,51.01254945094194,45,32.94835956230243
35,31.898159278864753,24,38.11736570960659
37,34.3032193831262,45,35.27140141186514
38,37.066705483004725,27,43.824625101525896
49,65.48213899214497,1,59.29877973214973
36,40.647509596695414,16,41.83486027165922
34,77.10569518553076,3,47.910244359753285
6,84.9685307337328,12,29.533369363335133
26,30.235153804104048,17,33.90014006093391
27,50.46250332381121,2,40.532528275846744
21,8.5550883149308,50,20.729414361044835
13,18.042214298972308,36,16.70111130196806
6,37.21191900391441,32,15.796595476196229
36,18.558244431160098,40,30.056898952081895
21,78.89044417098458,23,38.08517902177484
4,14.245763045318826,7,11.562105018604967
1,41.009473939778275,34,13.77087404832891
26,54.51293164138881,1,38.112060218895614
20,62.267751734476,32,32.09848007158014
37,34.476243275385606,11,43.47635555606312
14,78.21891618522557,21,35.00108445280629
20,51.148723597013294,12,33.83451616811188
9,39.55570024027966,9,21.332633238204473
22,6.051657064683296,16,24.165663777500388
38,41.82205216006485,42,36.91688224651797
4,73.86622567341573,4,25.664820903206454
0,55.30869163991839,8,20.826574777433187
12,74.89462083562066,12,29.630505019345893
20,44.46105035393751,22,28.683397046004522
25,10.661553458503366,29,23.142739287543662
49,1.2275861252292963,42,39.56211167545376
44,27.289759204673206,3,45.086853788590595
20,62.81914243480132,20,29.131130574908383
17,71.12339135475244,42,33.09196025175765
36,26.61775511582965,8,41.35030526645734
44,44.60885287949224,6,44.79116077662494
31,37.900701399067344,15,38.49980283354387
35,36.94705059162851,22,41.63480406535738
16,20.821384188013543,22,21.691356951570324
34,12.273399452651253,30,32.05274214321828
48,17.70197024080918,4,45.902961830577745
10,4.979914844701149,5,18.285461459671613
20,17.831766764121934,50,22.13270087431137
25,0.828080786284151,0,25.283429832857642
3,56.45325605723804,47,14.928326797803471
33,28.47378666489146,27,34.94805149887524
47,87.58302402842178,17,58.48704185619399
17,17.43453456986681,23,22.751819506325035
39,31.124571327863453,12,41.33987380343091
34,32.205704277737986,32,33.67702231146863
40,0.7606346456214486,9,38.77265107013201
28,75.52871577355131,6,41.362447434122764
28,2.879501412989225,36,23.791347535801755
37,84.61618512563173,31,48.20886287048801
41,80.28669159842586,44,49.12761631834912
20,48.19697244773672,21,29.905653447187408
41,48.92360174201629,15,47.74087148006751
12,58.84001306605407,23,29.219580003936585
48,34.83450107413983,13,47.37124746572149
40,58.250005505806996,10,48.933144508931576
16,4.029154981963819,18,19.798171857117907
8,4.864286461475391,22,12.590852856005975
40,41.15073776575899,33,37.46770618996559
0,49.46600709954314,39,14.751579606338538
1,79.90358763022371,12,25.808846861455088
47,9.419457051710664,38,41.258454101583936
28,74.03831344745004,43,37.28758345676636
32,18.90426035628626,27,30.796721506197716
9,35.467528365902865,39,15.71437583319534
49,28.494219134467162,15,41.7524295099126
39,36.01397455788591,49,36.34336080921254
20,13.5445948265327,50,24.74191394355453
27,45.321306696319944,27,36.456143726418645
10,72.14783308482305,3,28.9951971616864
33,39.73806093410072,27,35.9682414199706
7,44.15522183083792,11,21.03898581250379
21,76.38908267531828,15,40.52488102441979
7,63.54523031742277,48,24.858114741026977
48,44.14089676678063,35,47.35777152733601
14,23.192608337026172,19,22.115860356770632
16,79.643407216047,25,34.41946669232807
22,51.931836152150254,25,32.004656962654884
23,19.903284909962405,21,27.49462546738133
44,24.22077773742093,8,44.540502154990406
18,72.28197800426213,4,37.41233555605089
4,3.9731005878709915,16,10.0
31,89.2882968325938,48,41.398698455658035
43,11.73165117433126,33,35.129541886007104
0,71.64616728572436,1,25.55942305235024
22,35.52977850945146,6,30.03474113964137
36,44.299456495872015,35,35.68010146110285
7,79.25855197181201,12,25.374932539953708
12,37.16200706302919,19,23.881154690655453
7,48.374437830591106,29,18.3673744467409
22,4.436969616825294,29,21.66103293670051
42,0.21127264807078383,10,41.1080146202614
0,22.03198857015533,30,10.656762338933236
44,61.252478362689054,2,51.73024557381025
50,10.913840402322304,1,44.6824440882087
23,10.238576292409448,47,21.967658203829014
34,36.9864547232313,2,40.63908552769881
23,58.30533347474039,14,36.81823731137318
16,64.08647930231375,16,26.850053340361267
4,16.060560668853732,47,11.237019949618343
19,7.16293326348382,6,20.40697142650338
20,84.63573305509898,47,32.908825600482615
39,23.459974430589156,4,44.171964972662636
30,76.80118478478515,33,36.9430264649659
45,77.71423054165365,32,52.06923850419561
35,69.527033258629,44,41.2558806995438
10,15.195024598731306,15,17.731484168725807
14,73.96213133287803,36,29.904827444039856
18,69.2325503317428,2,36.176664143914216
6,53.70506910955954,46,15.361005831862752
50,30.348183165205747,47,44.21424813684701
27,23.62577438398897,42,27.288541627384213
50,10.970029087232307,50,39.57357805821701
42,45.878136021078426,49,45.397637575259964
4,52.67347879588618,20,23.00954826677809
4,32.34050914642085,40,16.922415344442783
29,42.78231609127817,7,38.4946520815843
31,32.716301163234,21,38.663938506040424
7,57.69054515886312,50,17.226106961223735
9,81.1133287016907,4,31.204192639642734
37,14.75282358422504,16,35.29027418641389
46,34.32679289128111,36,42.673562265664266
31,12.678174355577518,13,32.36823770684523
47,56.24493933670488,38,48.85691906916347
27,65.59834585397363,40,36.8816516093515
16,83.87214593377102,27,37.413739310571586
30,25.098473363486843,30,28.470432033255285
7,85.51900852788872,16,27.193307376579828
39,5.693640463860731,34,28.454896966922497
24,54.271247702812936,39,30.120296482438384
8,5.141944740899698,21,12.590054105452511
1,80.43967689857503,44,18.79109050233377
14,47.68281513630487,47,20.008666613861035
49,60.241351568651645,28,52.326417853158446
2,74.84165333194073,9,24.244958022420164
48,13.527956023557188,17,41.98612152976529
35,3.473240574432046,34,30.396759628720954
3,79.09930313215669,43,20.323469011493565
13,28.343990471303925,15,24.831854266220976
40,11.608101713444874,49,32.644365434520935
40,42.16151133783779,48,38.5323734365558
24,53.84754681264169,6,37.19259394337997
49,2.787354308025911,29,36.49585841837704
9,24.740609243137897,18,20.975227739414585
20,2.951988684920641,22,22.860197176481364
35,37.83018502759491,7,39.429900224093196
11,80.55900261596199,16,29.1504875021009
26,88.43871703442123,20,40.867751935992715
39,57.334279815326475,25,42.19696315928615
1,14.547392440613262,27,10.0
12,81.52644509993752,38,26.120473059515458
31,46.46230408800544,32,30.898236601490723
30,13.837438089262628,39,27.1902673453685
15,82.95540025064952,18,34.11796697789897
31,68.17221456507927,28,43.69659569719821
31,65.85347454508364,19,43.994863592516325
33,63.82626334149642,19,41.54726411054199
10,18.030583898679808,9,18.7608055720612
9,18.990602253677345,11,20.654304917853224
14,61.94636985845295,32,26.49226890356448
16,19.775047509935717,24,21.89618512829369
39,39.4804527122744,24,40.38420221676069
17,70.38016430345472,3,35.60450897033089
8,70.55572662880569,3,29.42852496571491
24,40.79355952732737,8,33.06086845258344
39,71.29709444477206,14,51.59123846325766
13,75.47596165782511,25,28.716576901506084
24,58.929817615583424,14,36.71664310390435
49,20.558326707757814,25,48.22866536814414
21,24.661060234699278,27,26.20480928180064
29,28.335703986786182,6,33.47409818195015
19,10.51236969605568,31,21.447505535664952
20,24.58436583329506,11,32.13092711701926
43,18.85673018812789,34,38.84980049834923
31,40.97958748277419,31,36.83315899201092
50,81.75937930850384,8,60.0
45,9.403228507856227,13,41.98154789829787
48,64.82411315526561,12,54.60831219998617
20,61.8554703971815,43,27.885005004626176
34,8.617877879702188,32,31.47149130206008
31,83.031516441522,31,41.210274365434834
29,51.162498194113766,18,37.20761935524919
38,32.73529690221158,29,42.620457258163384
48,68.0884725145776,15,54.823763196976344
11,23.162891256147063,11,18.836094842487576
40,62.415885334168834,9,49.61494826722477
46,3.57400868150225,1,41.65763771442786
17,75.54672338483448,17,34.67656739305054
20,40.335376231918666,12,27.91397929850125
12,57.30236229221475,28,27.21982248718688
20,19.91140378260153,23,24.781559444416004
7,60.93663413926031,37,19.53352932650379
45,69.50162483039489,11,54.469770816366136
39,42.58918681959589,28,45.488192367846786
45,55.595423165561485,21,47.87733646144496
6,41.06933314401587,35,18.679123773998263
22,80.46822323320609,0,42.32951396788823
43,44.808226246288726,42,43.56824273536131
31,75.7627838125937,39,42.80307480895987
10,72.12168524432238,33,25.920334682856755
21,36.94543392135209,33,27.443757103924955
21,20.707604267172755,47,21.98803888357094
42,36.54739193037939,32,40.19801520879013
24,74.35956381976982,3,42.139507762500635
21,20.486928223745313,37,22.522502002567876
27,47.19927112719744,29,37.65029104532057
28,72.54870731646727,45,36.34402229955208
12,31.812972761554093,19,19.27197840005436
17,57.798867330242764,25,31.950605929411058
1,22.106841664393308,14,11.532876210599117
28,9.835150083134392,6,28.240446104519037
20,71.49458025835708,6,38.173971968155705
14,8.907176106783615,49,16.896423941258107
26,24.424325557162614,28,30.359560631548664
49,76.9598479797696,22,55.24847581711776
30,31.182235837080047,33,32.54356501015478
14,87.5740814562745,19,33.8900730118593
50,88.17609012964738,14,60.0
22,24.144841840820103,32,24.554355915788435
23,3.6880400024901405,16,24.635604115747622
43,63.45569557848412,19,50.279635639182146
12,40.58878523835094,12,22.397322933604606
21,9.067755956361866,43,19.677716846212263
42,63.677053708023855,23,48.332207303872885
36,2.8057418200729103,46,31.614823609652312
32,78.31770214430179,36,43.053820528378346
2,12.478727620197335,6,12.23910062805728
18,11.458069087205251,7,23.551376690768777
22,15.810506817172607,22,25.12818269563167
28,86.423972264286,13,44.85696696303724
29,62.38524242284614,3,44.181908022952435
38,72.1234381917273,20,49.98209989765504
43,35.78714871594777,45,38.52602422532265
46,30.268145475446,9,49.039548444157376
24,21.103560610485296,21,29.373407044397318
36,43.2583225481168,29,39.396214341153396
46,49.66458601807516,29,44.83498884286284
7,56.85973592874799,15,24.447232150403245
41,23.140665359882505,10,41.12024810692256
15,85.37886728126915,21,35.5355380664452
7,15.278264838642226,28,15.048859762735974
0,86.90878572897711,24,26.419908401913865
43,1.337051025675341,13,36.295034810653405
4,43.3013122635161,13,23.786996936660323
2,30.00310543049065,1,19.041195739899322
0,40.421107253722575,12,17.712723142542316
3,51.359812108271015,2,25.904780046451357
39,39.203024221143814,29,41.426280108178155
34,37.33621652714355,17,40.784537660786185
31,65.9451073871976,35,39.97856427710806
41,61.72886475778182,20,49.72741076290779
33,74.99441538322631,18,47.72209695757888
42,22.4963083115546,15,43.767117790545726
24,54.857565877865724,27,30.697542594436662
9,52.667530685356844,3,25.55587086496298
20,33.27640297854199,50,25.498884936543757
45,43.745178771241285,14,49.14530820752851
38,28.240392897515587,0,42.14922049908815
26,12.765995785528668,47,24.71849935420718
26,19.242108959645954,46,22.941032251620612
1,9.496228176108097,15,11.922202673143214
40,61.47626176711117,19,48.18817046132427
47,59.465465379823634,32,50.16359302855042
12,85.55457344218856,16,32.75309100419719
8,65.67105722825171,4,28.59632755211431
35,4.68412548805183,4,34.28827881706176
21,79.58206565360588,38,34.26864864895906
41,77.64076466511531,12,56.00588592159121
25,39.89882886954288,43,25.85671048659329
11,52.72767454751294,35,19.863597316808928
16,87.8470499225267,29,35.982446289932746
13,47.90739274633496,3,25.7920073366143
13,81.47896455384807,22,28.088732071945298
33,7.473488202916779,20,33.623231616523164
19,17.194668183781456,20,26.25907242909664
10,39.66794490971861,5,21.56751742722211
15,52.628112750357424,23,23.984966103969036
50,73.46050666765203,46,50.35454886715204
30,88.94359036288682,30,42.88889924904257
5,34.99663468267048,18,21.627152629281408
18,4.267407252607644,37,17.043987277945835
36,72.10543529657923,11,49.634802466543036
3,54.39426471745273,13,22.472387455212857
46,17.86885729813815,49,41.06861382383531
3,44.53456109592781,11,18.10495071412512
19,66.80792209803519,14,34.54119616390922
9,69.33706083617794,18,27.029013725686507
23,44.96565707988858,27,32.119122714115385
34,27.46930771159732,39,35.87562944083563
25,87.63683238346442,40,43.38419889276864
36,59.702634986084355,4,45.75926971168352
37,36.74137674116688,4,42.931036700836025
20,25.241690178418718,5,30.03177402610285
39,65.7992684703206,22,48.38339070796127
38,21.796510103439093,2,44.089478411352864
20,15.453899007631936,36,21.475057743673677
9,47.68505000658632,32,20.24213418355662
37,26.098865337972768,42,37.57236522322015
45,56.60146304312536,20,50.42639345586537
3,10.614480738681014,19,12.453377235904616
44,58.94469941105894,0,52.44357437580322
19,25.4966875197932,38,24.55353246174091
16,0.02186409910614584,46,12.574218974552993
6,11.424245190675874,16,13.168301207338962
3,84.02538400515847,28,19.408602458338482
28,78.06191752038221,7,42.907240143230325
13,21.024812883261315,25,21.418121822658836
2,70.05347140909421,27,21.453526954288424
23,54.77144338565768,33,30.256451894925
36,87.38142403048825,25,51.785214224250765
15,33.62450935806532,12,25.701923037648534
3,61.331455126545414,43,21.303792273738594
23,5.718215018152673,36,23.55701858226776
33,35.66226121347653,12,38.80885641954094
29,86.74358950693625,37,45.76872781190962
17,48.50827870051085,24,27.25233261508766
18,25.90915530013601,46,18.692050288673023
30,10.824386681574618,22,33.06357907794293
18,63.31755061633774,21,33.322570735627416
48,58.037043908675415,20,54.99501348402161
45,33.65448422433972,29,45.643625708372795
18,85.58472166792508,10,41.503896875538864
21,1.9982531689065286,3,23.626608297029694
23,27.335146646864324,32,26.389760001668513
44,82.89625376696233,46,50.080910373271685
11,28.884189448749634,11,21.455468897492636
29,22.702755046965336,8,30.50645786378105
37,48.07983689381226,31,41.19284202319074
30,74.14215749284841,10,45.910582386314786
35,9.283208479052496,36,29.595605551243676
18,84.87186386811625,23,34.297035378730776
47,71.55655930630476,6,56.039415945145606
44,16.312522999639675,7,44.581594345077065
35,64.08071650783464,32,40.3647624517221
29,34.646285037380146,24,38.299812580629535
48,36.206521026868685,0,48.243012321862345
32,70.49610831949798,2,45.05780675845197
17,86.6506327182659,39,35.64828713579115
48,11.399028556247453,27,43.7648694164574
27,37.856721319093744,42,31.931319294418604
46,43.28474472758732,32,44.68607782663842
10,33.868063525949786,45,16.0322918773524
44,32.68702113446025,0,45.62456508096931
32,4.704180080543688,37,27.150449976839443
16,61.69847585063609,26,30.40518780002366
5,39.259297540804084,37,14.079313767375021
3,17.53144223795341,34,10.0
19,73.44301520718615,9,38.977042250132484
47,72.23046733364652,11,55.33576107904651
46,43.775246528000444,9,51.10122320008651
26,26.860559503298447,33,28.00382493236181
14,57.428345321680716,23,28.921260765436365
5,25.933692219966275,27,19.289116561720487
46,21.240713729134082,21,41.01156981235811
13,65.74631886236939,44,24.09341771080801
10,3.6292715748855633,15,13.674377441739692
38,8.529162393113456,12,40.71419102885622
8,0.6109356621230799,35,10.436035305713165
25,13.764886782788354,35,26.777932477777192
15,6.209100783941351,42,10.154169280861282
4,89.62221310019267,22,28.173360234436775
9,25.99289729586806,13,18.826959160817008
49,13.434121140232255,31,45.114043801832324
2,21.689663219632614,2,16.755454359574735
12,84.25130143861212,26,30.510837614695625
42,46.81442007219561,18,49.222522504104894
48,32.83362866770712,21,50.35998264936763
29,78.60523121182975,0,49.032423941050105
44,35.54912434941292,4,48.8348107369782
5,30.15077129619262,48,11.775587613963298
16,18.6554270294762,32,20.595237798900488
44,34.00171415184703,50,39.26691231791311
50,28.50159204152334,18,48.442928196257775
18,60.95735633683269,35,28.352211850859753
41,26.06244342036544,50,36.07312902713658
34,51.94797717803053,5,47.72669295835003
45,5.930294852877544,14,41.2079398621088
25,17.216024102686294,35,24.833459352113074
50,36.666474445021386,32,45.33279144340235
4,84.3254328517826,23,26.01547314804866
28,33.952678714412585,26,33.98125369246305
36,59.76667090798507,48,40.22674482711154
19,22.957850017925832,10,26.283644683455698
48,11.433021837590855,48,39.53773645928334
20,5.268294007204512,22,22.5422378933632
9,27.487214868847623,32,18.40800995372284
4,14.189492411721718,40,11.101750973115717
35,15.660940321451179,45,30.705047549652548
5,68.4683377548255,46,20.016479052558935
25,1.4254263850386795,28,23.5867265336938
3,50.2029113161891,30,18.761123217474992
38,34.15152425341183,0,45.67261569705265
38,45.58949999176925,33,40.09415309294067
49,50.65472134931426,17,51.55348836422751
34,28.203092501155037,17,35.263709052773045
0,26.559797416585674,5,11.571450447310733
23,66.00616644014151,39,30.97556634773762
35,78.41492893090414,0,48.175547792159534
5,17.332346921267508,46,10.0
40,8.785688448163405,41,34.52690217706032
45,80.80162257528234,29,51.167647014740346
43,31.49059172826588,3,45.98348488573945
30,49.61856515965327,31,37.949395240702444
19,32.35888300680031,9,26.76206306508504
23,11.322210271144618,42,21.080682622667485
24,53.03984804529552,4,34.167852477243514
35,47.26267665926667,8,40.84749720930085
20,18.26942032720775,4,29.793757505178085
29,40.66821401870501,10,37.94362673356025
23,71.72527536140812,34,39.64416525073763
43,53.13834927971022,26,45.35366648633654
41,8.722559436029536,3,43.01135814445573
29,49.321934750622155,9,37.356740969120786
21,63.24644693606282,38,30.646942320810908
27,71.34330652026762,32,43.813283169216774
6,56.62058207708401,37,18.304003965071438
34,13.739234808670536,7,38.67118372414608
27,63.91559399311446,48,34.4191366055501
13,60.96076614733647,23,25.688274724137028
9,2.1984194646569897,38,10.0
15,37.057290083121885,32,23.321825335752223
15,29.965522226613597,40,18.246083754555826
30,60.24708578282791,42,36.15832755404756
41,19.452223107982864,18,36.08139558245928
24,53.178473067683264,1,37.99451913695838
12,82.1885365632755,10,30.252817145623645
5,71.80221349877469,34,22.64027156499538
43,82.93119625948773,16,51.51865219011936
8,88.0655370239421,41,29.514865501236827
44,0.960311430554649,2,36.472246613572
35,56.04671487397298,21,41.99345302406588
42,37.15554579830158,34,42.84992562807114
19,77.38690413016096,20,36.49515205637435
17,22.663323180821852,24,20.339003595877802
42,88.29265402035685,38,47.87904013911
20,55.233717258937254,1,36.45952645415214
3,71.41836620059479,0,26.13632894808279
49,7.703959754049149,6,42.797355792113386
32,16.511209628297856,19,34.487836422731014
26,68.25633057307829,42,34.42586178308265
6,1.9787869835391247,5,12.530994080970913
5,73.51901873044045,35,21.220446503381524
14,1.2554116822720307,50,11.032167696487075
17,59.1406955155146,20,29.137140293902632
31,32.85845282086253,50,31.42830491541517
10,55.03453674472792,45,24.358179825456492
19,62.642826629020234,34,27.93510643227765
23,30.822769726767376,35,26.332540617764963
14,9.7166203299752,7,20.365217600482897
47,6.268128097343908,49,37.73275107479897
6,53.00424203062931,3,26.32749463733859
20,46.858981836070036,42,26.753072168604717
41,66.79809082090193,15,48.53544376430302
25,45.87619590035434,2,37.53138037568689
43,38.02012110277912,6,43.52382897673922
13,35.82784604126078,1,21.827578682969552
36,2.380221233790072,0,40.85679319714888
20,30.200148152699143,0,28.424273297309824
17,87.84181417720448,37,33.090912190261655
4,78.620001860438,50,22.11163206719105
2,29.64402603307959,6,17.12279372486714
22,52.901586455973494,23,34.30079390267507
25,76.25670709819445,4,44.02660091399985
36,39.71469030750618,20,37.25802914571325
23,1.6162077375135864,27,24.911802903232967
48,6.705941563677607,17,43.412608054653454
18,45.935344921383596,23,29.093100279797163
50,87.24954381082905,31,58.64494505084902
24,62.3888587996981,44,28.213193047782582
20,6.382457229471258,32,20.05664546643737
11,17.04247882126765,9,17.825344970024002
40,69.4190828895165,8,48.46258952457262
32,75.72957839606202,48,39.370160477847655
49,55.59251275697318,32,52.269406852956955
3,57.998085266683496,32,19.47400360908229
41,2.550370534504618,6,39.18502343574416
6,74.56772336233577,3,27.770879078162956
21,70.94476873537467,27,35.59154930545707
32,23.313162969301246,22,33.36453336317872
16,63.780904796895626,31,31.2044281374715
23,19.33691457824983,43,24.908702004248184
33,3.6297144946361692,15,31.89557814438153
27,18.102288833133954,45,24.167871265359544
42,16.076598907886954,9,41.81129959055829
40,30.39731970613625,13,42.61436934800999
38,37.66045474579123,38,38.67075892330246
21,45.76850023479371,35,27.65197392068584
48,42.90784879574954,33,45.92248579699373
16,24.360714536876042,23,23.266883706830377
33,2.625360171666702,17,29.359682698468173
5,54.45914600134356,15,21.638288649738957
45,35.617034686261896,40,43.797142808969056
5,26.880494164879472,36,14.3590749114966
33,78.0246938547461,40,40.3904041502007
0,67.20689770183438,24,20.438428951054025
9,77.1988993535198,7,34.7535426747643
20,44.54845152412149,23,30.810881336952935
4,11.783812691409972,19,11.757586047179917
1,62.659929250914516,47,18.796975132646384
21,18.54664019434577,29,28.457704114647328
47,39.71067021825451,19,49.718847072860314
1,5.850071005399965,17,10.0
9,74.27775621806842,3,31.939177401090877
33,11.334657694275052,47,31.014506784535335
15,81.27877563443788,35,27.377878267681353
47,77.78075420354014,5,59.580381856676546
50,41.81244879953215,2,52.656246287361434
38,66.99313838735915,17,50.07950460118619
21,55.7500566436338,46,28.8076992651353
11,72.27680781039703,39,26.99181299951341
23,38.862459070732086,17,32.04247709298777
46,70.7227635819915,22,54.47277409241015
39,41.621113535863316,34,41.41843079862134
37,84.68692090585145,5,50.2891899159479
9,43.77348907426328,25,20.778448760931788
34,41.63573447403566,20,39.11398598818109
50,70.65646754071615,23,58.142008953400236
48,73.94199225847541,14,57.25704932710048
31,49.90402028890537,26,36.46562349320146
6,16.181803214556787,31,10.946970005388739
20,42.09824078618215,11,32.07914259555937
19,87.12652526187105,4,39.17565748395326
25,67.76875737352667,6,41.66013986281889
3,73.0046343491219,21,23.439354416010335
45,2.9542948937316114,26,41.11107079124193
21,42.10735163707439,14,29.54743857584435
14,58.19590202917998,38,28.61670663068272
39,74.70294152652673,44,47.60754118643047
20,4.434628822449432,34,18.90613247826589
14,76.71949970776858,25,29.63723434332624
21,49.356084306772054,22,35.12659297433604
27,17.758257351845394,12,28.84639421955664
13,28.552969480473,25,21.673359497579522
26,25.373659657640466,2,33.66544565299711
40,47.777313085962824,28,43.37547150868832
39,4.651711192001864,1,39.643029117139264
27,14.268254264993118,27,25.842509437485294
25,73.14237390382041,22,42.694605232185665
48,11.934359167212996,35,39.08783472650845
1,21.005664251231426,48,10.0
24,40.803354504374155,5,31.334317094083566
2,46.54087993019974,10,21.300402197735096
7,68.72494316527428,37,26.8712103906799
43,40.2599183999569,33,47.21826755226625
32,71.0878158931985,16,46.48700524961143
41,55.65116763409117,2,48.7879493729085
34,10.178976548144021,43,29.389234179742196
5,14.069829455355473,45,10.0
38,39.33303529047937,33,37.09030568349539
22,35.720045378013566,21,28.803047606549498
24,66.9189842673565,28,37.801319813700154
49,52.26634258176167,28,48.81930047517732
42,34.93197729020244,4,41.224421596034965
18,15.368425510534706,9,21.817678463409514
4,20.41533920929456,9,17.169503674950214
50,51.795091662215306,8,50.72261054135082
10,38.10949244098132,20,20.677914142949597
11,46.343475797460485,12,24.401451295485064
9,15.36096917720103,9,18.538195830779195
7,59.66156271101092,37,21.751522224327342
23,76.72848667703704,10,40.74613411708475
27,23.21455561082105,3,32.79555294442134
40,44.236280324864396,45,38.20819714957428
35,87.79745961188117,30,49.362296102699005
36,29.991756649565488,48,30.470903576939122
20,53.55417104313851,33,31.323348590620217
7,8.117613018021993,41,12.661707992686988
8,54.541350223149884,34,26.081762952679973
46,8.066859597415611,38,36.60498768189282
14,86.33118917914399,38,30.24585547448019
47,64.40963868650803,32,51.088583669000485
45,70.93438093221357,7,54.59434808241843
39,63.36939246944732,31,46.993124858385116
17,53.07561324688192,32,28.76005088415657
41,40.49215029769548,7,45.0446657112582
19,77.25360417849562,45,31.80455001090658
5,86.11521007887568,13,30.639683585078938
11,44.913255561367315,33,19.20025929234613
1,83.83815442397358,7,25.950233257742358
6,52.499961898966575,50,18.309438985095156
15,48.45457682067899,41,21.907577888586278
2,40.9034459659821,6,11.598766900503296
44,18.835898537710786,12,45.66033261454572
2,0.33476947362532705,20,10.0
26,21.735560417045512,46,23.13197822368847
49,45.87508544432087,31,50.665855695491224
42,34.19639570337773,10,44.32266282673614
39,40.363670520237044,13,41.353104326898226
37,88.25833976076446,10,52.791125434220774
32,31.52451336023948,1,38.65800903647026
27,40.69646454240971,33,30.86291527970714
0,12.016399621753761,43,10.0
7,4.316195919328888,46,10.0
36,69.78685631332452,16,48.22847553362536
31,51.361485756478075,13,37.525584195872234
47,68.46343254395055,24,51.39767334783209
42,13.487651899789647,47,35.249838969357064
36,51.46458940644219,26,44.51068445592095
3,22.8278226907238,7,15.881364511195605
29,20.525563521001793,16,33.18145919809092
5,1.037341264768673,4,13.31188625243635
45,11.73066512121647,11,44.0090067601074
18,27.83413003497258,37,26.491951447776326
31,10.519088453184514,17,30.378366539863208
8,88.72725963698437,25,29.623533563412554
11,27.77693836715556,30,19.102443725700105
10,11.729155203209535,36,15.005451172009188
45,17.917408154516195,5,44.5983115840105
15,52.893290550732885,40,23.991175889414727
0,5.763917147830966,14,10.0
44,77.61907171270411,41,55.03715902760367
20,86.53497113134326,48,34.7347617705166
29,22.207267860064277,25,27.169912700668572
12,40.508574173177344,50,18.211926875847944
33,1.9921005926547364,11,31.87521037797229
3,57.663920225449935,40,17.3516351626303
27,37.253345224732996,46,29.313792307296946
37,24.305261949140014,13,39.38358642018588
30,18.61533995549476,0,35.740291130051794
26,58.86207698928844,16,38.09008820999454
4,37.4595327929083,32,17.393155648921994
24,16.16933601269208,28,22.843167950144306
2,62.01981733381416,44,16.69864903534332
32,50.85650547330243,30,38.93983563294799
3,77.28048494365466,7,27.01842302803658
24,10.57283089888436,29,23.25996737078774
19,70.70999417500106,12,34.578209349273635
33,60.61651081355331,15,41.289857626717485
25,10.350984314528803,1,31.373529853359
4,62.53386568845487,44,15.00256662864193
34,39.739255999184735,17,36.63478430488991
27,85.04863070002588,34,41.647010774865784
28,12.745021555610938,44,26.635354690654278
8,57.855005173416416,18,21.302158778329073
37,34.37820409166513,12,42.22852031924091
49,86.113320353179,50,54.38367333841397
5,29.697740576124882,3,20.02087372510009
18,86.59673185426202,18,37.36425263047428
43,81.13372659906742,49,49.82768810297367
10,24.33449117795907,24,19.186954405824995
1,72.31875991437849,37,20.557572813223985
46,89.60437816231554,50,53.109007053449375
43,22.73967019541541,30,39.976810355615356
43,39.309945239098774,35,42.55270509140818
8,46.81626629100837,3,24.973585665360464
20,26.54380222234779,38,25.259588680967035
23,1.3738355681426784,6,29.40424911692708
33,19.8116319777774,15,35.86926300549456
21,25.37431959075826,47,23.479679085931526
2,39.923973118636845,4,21.21565425109948
11,15.399223057206168,46,14.672764037523118
27,78.59289210225053,22,39.19795885284699
29,63.44200194582025,35,36.27173900230828
25,7.668042980369578,31,28.041447946486965
47,58.50832060259383,23,49.72479731829571
20,58.82908287650584,24,33.306111224595085
27,86.0599056279265,44,37.5345688944372
25,0.2718784220545123,27,26.07296317053149
32,22.313920482522647,18,33.242444159418675
20,83.50123314377839,6,39.965805702078924
34,83.89205238584547,43,43.67192858173195
33,64.85277774335736,40,41.08028881326202
40,68.91869889427859,16,49.72682987998236
50,8.23346621366824,1,48.31662151755624
46,46.24882513004103,15,50.51029880371394
17,20.842469216009945,38,20.932156846335005
10,16.309623925225555,17,19.014698209418786
22,72.92729692109992,38,35.68619832351535
47,12.153432301249268,0,44.53576812068058
21,42.17864732967467,2,31.88831118966571
16,84.47204156274297,20,38.198598327892704
4,16.72488500088083,29,13.207543286463663
43,88.01940813644111,10,57.012680669144544
10,89.48591871849531,21,30.143825670363494
29,50.00554392141626,46,29.824613812514816
14,15.312846615944212,24,18.677232098367224
26,28.449439914680607,2,32.68456974974047
34,38.204354940888166,29,36.47022007352037
32,27.839180192240065,23,36.22354891725154
19,25.25720218888642,44,24.806258855305988
15,87.50067382947218,35,34.96906712980373
33,13.802834467417108,22,31.34913306018623
1,65.99951178451761,7,23.92625024995854
34,0.036926049525738414,3,32.38274413768755
39,53.65644024621392,49,36.999064584402646
27,82.43487035586472,38,39.53405496949399
46,25.91406846838971,42,43.604264391788554
38,16.697337773194725,30,34.770077617622405
5,58.65118153905843,28,22.696685364101615
8,64.13412665685539,35,21.845614175552832
19,61.92274670567832,12,35.26154627229391
0,28.738519201923662,40,10.0
7,22.69821619433978,8,21.286380345127547
22,86.03269199658398,20,38.97989321530853
2,83.09695574429365,50,19.434618621494142
3,41.15849489035383,2,22.97467430841786
24,76.15744795389361,24,37.2778131034397
46,40.70911298708664,24,47.16748781166802
37,38.19501162652593,11,40.74973671822021
14,14.108665283936519,28,20.26992648367187
20,38.37654508427755,10,32.7690683595775
34,48.36752447398263,10,40.624448738966095
45,2.025389468581782,48,35.79775560482791
13,39.97017046578658,25,24.6223480072358
35,70.32205965556803,13,46.8668129422682
11,61.20414507368429,15,30.74201132031489
16,57.16412899775415,9,34.318878382691764
38,81.85998855934822,30,46.76670789259834
8,1.622880884270701,30,13.841892393607008
34,50.13428275730107,35,39.59008787130641
12,70.86139635687364,9,31.710294530673764
14,48.72018444311405,25,25.329652898826144
17,29.150599732234124,19,21.91553629979868
50,12.262550858278008,43,41.568553410552376
32,79.88067646345722,8,47.79187046764593
5,42.368615314884266,14,23.863190968393297
26,79.03036772871313,8,41.45783558771605
22,52.72669101898515,6,31.830795796185583
26,60.67729049535007,25,34.22711166159739
33,72.3835038940605,23,47.309147178348574
45,59.323999014012095,11,50.81922056607542
37,35.82493566110439,19,42.94263747942163
13,46.22700455357859,13,26.407913992657193
35,72.27409722082919,21,43.85544680673068
7,33.62852667356858,15,23.378341248446034
34,34.93093110916474,28,39.2217396172848
18,8.612110445220104,31,19.313388516580947
29,82.3125991699573,18,46.05611536624664
13,8.193268345089756,34,15.884778402070522
19,58.33882597037003,42,29.54294042324666
48,37.187503092251795,31,49.91214392277397
24,36.505745122989815,19,28.21188065156271
39,61.15966529154155,50,41.314655276732054
23,6.038435936689085,39,21.516109218759297
13,53.433520465629115,19,27.60569050981651
25,69.48286073751193,7,37.84919936718806
37,74.53914820979348,34,47.54168854970237
22,15.347735045439777,41,20.011614627308216
21,80.76771450703563,12,36.55393508685684
47,59.0531482662698,40,48.20905952118105
18,79.36693207386145,5,41.51439125355729
45,43.67526453991785,46,48.41833502766388
50,48.783001058748184,15,53.48364457060617
2,82.7134449325804,4,26.86629290598086
41,80.99185890192047,44,48.610997176015964
18,40.33447860321018,50,23.83671559356192
8,24.697136847211357,33,18.52222481864429
27,35.385339110783775,5,32.79077099801821
19,34.898789567677476,32,27.868687524190822
44,25.818018748451454,14,41.010128621601474
6,24.17216438996699,14,15.972641460366148
13,77.49566428317475,13,32.6439911292642
8,6.287572861619552,38,11.979805967383115
18,60.98500638896347,4,34.1897922415658
46,15.553804631080707,25,41.91089101980292
13,31.00553040546569,47,18.331985760115135
37,5.538873072135317,16,31.566279564809285
35,24.297627316991584,42,34.20979567070057
39,69.15789640055179,46,45.85419029150588
16,79.65137920925328,15,37.565582331873614
29,19.937443671213035,34,32.88162317001943
8,41.719305533302965,37,19.215528722222555
32,42.329164314348574,22,40.388856439949244
24,78.62177751837608,12,40.760555432323
13,68.65191475882249,32,25.12954646930029
10,46.17694965312449,28,23.957561867108844
34,60.36724804245961,45,40.60249657660173
40,76.26195485184302,33,48.30364463404143
13,0.8585058622990449,33,14.197137524648513
29,36.26010279450438,26,34.60801933379475
40,81.65188505493708,14,51.55524383371502
3,66.62817277595562,49,18.960149234580207
3,48.85572369006672,8,18.826754811784788
27,47.66800743316201,25,33.06394957260467
7,31.2993087843994,2,18.218683157860234
1,46.84684802773631,35,19.30748662942075
40,58.98448795171079,46,43.043061852197056
45,37.65267345859138,4,50.84704815702472
21,64.27378317529566,19,32.51119097623018
40,77.51090045343473,19,50.28880713423601
15,13.921636336637505,4,23.787324327319016
28,40.6392320535682,9,39.32037066112527
48,36.7218082156573,15,47.489373905305385
47,61.87183236447553,24,50.869312475681696
29,22.48807187321364,43,26.763708854616464
11,57.62258234570486,24,25.3832901298672
34,78.97403175583392,29,43.20510937619973
10,37.631843981426044,13,19.702884319768586
45,81.9914129981298,21,55.265640770592434
49,89.38473650401306,42,57.21814055302475
20,9.548284495315686,27,19.581571121906958
20,20.974786918637278,29,22.495972924810722
4,85.53417763338838,18,27.00694072292884
47,86.24949178332481,37,58.01340306611326
19,8.793654784808265,41,13.243587975395485
36,1.3498650339423013,19,33.50991559302723
2,14.499002093078003,34,10.55830679001602
43,89.64115050440235,21,53.45395607745788
32,16.199965494961816,14,32.84153414816163
8,45.229284604982084,10,23.81183708055265
8,76.357595378746,33,25.862250401582045
3,1.8361449619385706,23,12.415350497181649
34,54.40400840326135,5,44.13609188659981
16,24.93229039826619,16,25.50890490985293
33,77.61014247957584,27,45.472543878294644
23,25.511503433767125,49,25.24053839445564
31,61.8080148253718,30,38.00682542819804
0,60.67976692026572,35,17.28833150285403
7,19.934419397367602,8,17.555756027414027
44,3.1319279881515105,9,38.643935578784266
22,36.83246164068576,20,31.616527264382082
46,26.027383676928274,33,38.42467392166126
39,72.80799746523377,30,50.055507931522854
11,72.03277696098108,28,23.469044882913494
11,41.132155697336295,42,19.318977818072632
45,54.5861002790897,42,47.999543787311445
46,54.38335643882326,10,49.19990754345254
14,74.4442333584861,32,30.736326025379906
40,38.25021727108778,45,39.53128811587432
18,24.790201181145818,0,28.21130416074275
25,23.853142632649273,20,28.573225255649604
28,48.257305135398376,22,35.020862700111
21,40.42333824589913,8,28.444417085888535
39,39.610869388644254,0,45.014207280354654
20,8.20236051807365,20,24.47549375777899
50,64.67433666211761,21,53.87266531680076
37,19.236301918371964,3,38.48481172492741
19,17.725826718784923,0,30.024488475443764
28,37.148248824965414,50,29.202651847535307
50,20.500050745602127,9,48.454329675592895
3,52.547244057721386,14,21.580886308227175
6,33.43170054010243,35,15.30803693840405
27,40.40205503335111,28,34.142923469911906
27,48.3452389443626,45,33.79784991621194
3,18.318197023362437,4,16.97078218874369
21,14.017646057897682,28,25.33429225634767
11,79.23797125862443,46,22.482161730345823
44,39.03513325482789,46,39.36318478553185
2,37.08842486692853,26,13.88872877855038
21,3.2050935245557333,24,20.149109144506234
43,44.81786723286539,15,45.3733694150153
1,49.87527494499001,15,20.204182339112318
23,50.295678385919985,35,31.122964102723873
33,63.63280523905959,24,41.95285719075219
26,15.97336514919106,40,24.943548073076283
40,22.700082080755692,0,41.73974114044513
0,72.96574187073715,4,23.50928111554644
7,85.24535551590546,40,28.724250463569156
22,12.233947263058857,19,21.468344335342362
37,44.78845990546964,4,46.80658808620434
5,19.275862746562815,35,16.692526702076794
21,5.40658515194842,28,24.115003158990575
24,29.29530043135219,47,23.629193533118155
17,12.931886266579147,33,18.563314711530747
16,63.893976609082166,47,28.995393321925278
11,48.03528723043,17,24.259746078955448
5,12.94510238912798,1,14.926999899418457
25,0.831742956496293,15,25.214387898980583
26,72.73413441217915,28,36.303125232434866
7,15.857496554782278,32,13.010983096082956
18,54.559497799868936,15,28.849468193625757
41,30.3229721769071,34,41.109542257199735
0,52.693734448353204,46,11.95008439950931
28,28.408826428409164,42,29.08477072562847
44,7.824560462302875,41,35.32602941378938
48,20.065500770197822,16,45.97720150914622
34,16.925270983116803,3,38.379722335768335
39,38.52174171956795,48,38.37734556249226
13,59.24554050835416,3,29.098478302149303
34,23.74254674517218,50,29.922184906016586
47,1.0862941770556156,24,44.23705926203281
44,46.704362783828124,32,47.237900717472534
19,54.518354042307486,13,31.857954904739557
48,86.65834446016287,23,56.333347284436314
12,53.05237227839221,10,24.63258872877856
37,42.40553034403277,24,43.037572921122305
48,51.606146330793344,27,48.449422690629774
45,83.51105668758244,6,59.409681972814354
48,74.55403310414816,48,52.96573622332865
7,29.06808600274272,35,18.169221499909565
42,21.352892729142354,9,43.838256658548126
19,23.637025112946628,48,20.40772080257122
32,45.39789357436917,35,36.261393954521616
25,66.964450610572,30,36.441961295615926
38,45.289728646466585,18,42.42045374828584
20,6.101675624530133,17,19.42389973500643
48,65.12226303959828,48,45.11443877412024
41,72.53731158038585,5,53.97512085262882
42,26.05480786077477,27,40.19911751683521
40,59.77131653550153,6,50.97434166889116
8,38.393271094895404,37,16.969576424135226
23,80.02074201546985,11,40.45184927348464
36,76.07030023446659,40,46.273117859592254
48,47.288879847867804,49,48.81845244852371
40,62.235499123223505,33,44.86474131949347
16,79.50147309198935,24,31.500133133223866
23,44.614530907044795,16,35.048922467293295
20,28.192566643993977,32,24.26434159615456
50,67.82995241186231,22,54.29551223229618
38,19.80596293062226,8,38.5616058771493
40,34.96780332054379,5,42.806292804003135
38,77.91545133961144,1,53.580581102219725
12,65.19801062423835,37,23.213143383892124
10,36.342990472274934,8,23.27270040908069
45,19.327005216752166,2,45.56481865616528
18,32.03715517490129,15,25.560340401308185
10,25.569373430468968,24,21.68813958900256
12,15.848035914946854,23,19.916275676210688
45,66.8999622209091,46,47.070934499400344
44,22.686289816515437,28,40.924965173656425
0,40.87507231509874,43,13.513595519112718
39,34.727350215249814,39,38.55552421974505
43,88.38696407720677,25,56.83054909344023
18,35.198301973339845,37,25.22207979296637
11,7.1984234517079315,34,14.545451244601752
7,8.084317731487562,22,13.705416804238565
7,53.167834921775835,3,31.381360274448916
44,53.942719656443906,41,43.40161787143894
11,37.68830914343895,13,21.098789730550983
47,38.86593230808267,46,43.290300340783844
32,4.853932455678409,38,30.480163153790283
44,46.4891859350336,6,44.270063797638095
25,45.42655278423165,7,31.727531488595933
38,13.459438670125008,41,32.34243176919515
27,9.345544749983482,50,27.509428365744046
4,11.121524153954145,18,12.375186194940893
7,9.092542184213267,1,14.243670508984545
24,54.87373759830838,46,32.518844400405825
26,17.683438716262675,0,35.06054728394709
45,22.62871369687171,41,38.59836305808674
22,15.621492973629575,37,23.883109713368746
29,86.20517740036527,12,46.054550250432314
44,76.91557168366519,41,51.177645082536344
46,20.744535361636878,43,38.98099240473881
22,29.48096645299134,23,29.103455294155914
48,18.890355807449744,31,44.405007265673085
46,44.268836351474135,29,48.132366038496365
19,1.7649479226828235,5,19.658308302879583
17,60.423120800711615,37,25.566896854912045
17,47.084233483587745,32,25.138381552446884
1,80.8775035470993,43,20.960475526887546
3,14.795341589557273,22,12.877467524793204
29,72.36983214550185,9,41.31579266944196
32,71.27649130200442,45,40.55377286293357
35,11.446307029519824,14,36.58071963120443
17,35.870330172971485,22,27.11006778247714
36,15.31373770300652,35,32.09308441647205
18,22.924845041179402,0,26.44812742251193
46,23.692155734748994,7,43.29329488786875
27,50.06127546231955,2,42.09290301729817
39,37.026983858441895,13,43.70345582800699
19,85.29595236056748,16,34.734722873893624
48,11.373312775230461,33,43.37795481848432
32,87.63229213651789,46,44.34355553476446
11,20.757477619283755,5,23.490084664296873
50,69.55865427436677,4,57.194519797196854
14,30.507293355553927,45,18.313407501430188
40,12.877325587558252,50,31.450171005733544
38,77.21002667216159,40,50.276368414411856
1,27.79748093128169,39,10.0
28,59.296986380415795,28,35.34897365668377
40,50.97993165779639,34,41.80208022332324
9,42.45806784517869,17,21.59129510108399
1,44.62375253836852,39,16.886657955807323
50,65.90141226830588,47,51.68396074992166
10,7.899562271109652,29,16.697013848960065
12,60.136259576211465,14,28.897859926218924
9,80.62308912587208,14,29.96414641514144
13,5.200937731787773,15,15.805162472094379
17,12.658800531030007,32,22.81981705234053
50,64.49687430318282,9,58.53129808542187
8,39.35534834201558,18,22.934966023829613
38,36.319375873231955,36,40.314203760415616
27,12.326997108981226,49,22.59517041242685
2,45.60930366460093,2,20.751875271390304
19,11.389078007673952,35,22.501541933683953
5,42.89584106794864,3,23.51784192318315
26,68.7253769065491,10,40.75825839208274
1,23.243792209844717,40,13.29873208905078
28,43.27075513617546,32,34.52010575903204
37,89.28143724571521,27,52.35027145554852
2,61.79853810186335,31,19.509997686453637
15,75.72210941746788,15,32.651099816124955
29,37.33628459044912,8,38.50562289281435
39,69.10748308132698,10,51.08853354120782
1,3.6458255647189652,5,11.372093568705822
16,11.062006428802048,48,14.520135468662215
40,18.27635336280559,26,39.77719304428343
11,36.17567321536976,11,21.698211703811637
34,76.11703904931869,21,47.42812066903397
42,31.163944570913745,39,37.58881753000535
0,58.91590741639166,47,13.039087844941108
44,63.838286532313504,36,48.75183814243242
14,52.756411867950725,20,28.509213559758667
25,32.15177713531226,32,29.563730590006436
36,51.93480075421898,16,42.132639680250996
20,30.80390335107716,28,28.187201320303867
48,7.548636469681087,39,39.53737680821889
30,89.3523580367413,9,47.90722202848399
24,11.446420826925982,17,26.224256189805025
22,6.511354545245162,46,18.356845172277463
23,79.06776742864403,12,42.36690684458907
37,27.165119480360563,26,36.14759325185159
27,58.526727666615685,9,42.650169986200304
20,29.610515669600957,31,23.62213885057692
42,35.230884371502405,40,41.09204130397716
17,23.590167481511685,44,20.15712916970803
35,30.87396052137092,2,40.14955200281592
34,36.96303605278888,21,39.40645321699256
44,64.83744621831086,26,51.4470607353873
8,46.03825748113126,2,25.57958031471125
37,84.92086954412792,32,45.956404085465785
29,3.769235445489796,1,28.561237898008073
43,45.276149036882536,10,45.19229346651913
33,52.58023099485463,45,36.37787492185382
31,82.81772874668465,9,51.144232187661295
2,4.424267125928482,38,10.0
2,51.614962644169445,32,21.124824807303714
27,76.82669356751613,6,43.29853035149747
43,21.773495530731292,14,42.67467574192999
14,78.86631136715437,25,33.01480626665228
40,1.713906834686264,10,36.26074273245115
22,65.92091662203568,37,33.488761090098066
39,83.98018990517878,26,46.79033685912389
10,59.1477895476056,38,21.351336477387115
47,39.51263195824032,6,46.53889748391535
31,4.0392914825446224,0,33.95833799750146
35,82.81024319903659,9,46.98536142499667
32,42.32666004224173,20,40.68867613615903
23,2.609706990235321,14,25.233986405219618
38,62.08389641958857,29,46.58559927763189
33,43.36535282186323,29,36.12975929718406
27,11.191078569816966,7,27.841272275922556
36,19.28446283792336,23,34.911445444522734
6,5.804161241026165,18,14.789200154062474
3,51.68641857377162,2,26.36738707903873
36,55.98265313268083,14,45.31326071480317
0,45.51680685198999,35,11.222027384556206
0,73.53919197023534,5,22.014041773166042
46,77.49079391772122,41,48.57150795650717
19,55.406195701481394,49,26.772899613967304
18,1.1480831736687491,47,15.22514323764019
28,62.57066901729621,17,39.29091249652404
9,37.61992952283164,37,16.12714402000849
17,50.900173490374826,18,27.03282649874261
27,58.4172541816996,48,33.57168166333838
34,31.521295289436907,49,33.7230808202918
42,82.53886546546148,29,49.18809297214226
46,12.057738007480308,12,43.75897765457391
30,60.43606265529337,38,39.28075162307254
26,0.39236219609223855,11,21.96692687516701
10,83.21859948646627,33,31.845083691743838
48,10.125371991428235,11,45.37948302613087
48,8.539580713281717,43,40.77017422524285
37,29.97068697470198,23,36.40237399095737
4,33.62096574351725,3,20.648491248496526
7,19.287006509059076,35,15.311553790675344
33,52.66094948344122,49,34.979096742735805
47,39.86226882377672,47,45.38220282161693
11,3.0758030136978673,13,16.088841357011628
37,28.768685602977058,16,38.018721530789136
0,72.93896222158534,48,16.994897462225648
30,62.07313813756817,2,43.451173590152024
3,65.23837682218924,37,18.992469317580003
48,62.83052316751712,22,51.28253236157187
44,27.987571924472995,12,45.383422511241484
49,8.969752986909828,8,46.01350758695521
4,24.52204656297864,20,14.996451546684607
29,74.86067701666434,40,36.03702634147221
23,88.2423718004764,7,41.52929146878524
2,44.446231326740524,16,16.201066143357856
10,0.8730319430737998,15,18.386803108826804
44,12.604033092080613,15,41.306594763942805
3,28.987251778463918,27,13.286993991495269
25,52.07268137336548,50,29.297099766965125
26,6.758428122478257,15,27.05197381028064
45,84.90215688388935,45,53.233498219084524
42,32.85753059559607,45,35.56169839679242
26,82.13257961323407,13,43.13684656666121
41,70.24696224813196,45,44.99020133212831
50,67.9893545264023,43,53.00921114398186
49,54.60476218040088,37,51.269155364123954
5,56.41054353466601,19,20.54106840652639
14,57.42029116946233,44,21.94565423372348
29,56.58492483230239,47,33.95818308622348
41,49.83554082585251,40,45.24124452193285
36,88.77726166346,33,49.67676683505655
36,65.90615106831265,28,43.42598457046792
41,69.92517495532691,2,51.11535674248754
36,78.52165335753068,9,48.4356317118975
34,19.407578645326424,19,32.23626465470363
22,7.542374318555471,1,28.32802292476491
5,43.46049929387388,26,20.22693256116416
3,46.26726260573459,31,15.929177367845755
17,74.6263601954926,9,34.473909239480776
8,39.94052213541021,39,16.341556834619297
48,51.37677229898814,16,50.57462363097675
28,47.43638446621125,32,32.816929769495495
12,3.438250538165195,5,18.02724228189952
46,55.36934069372226,38,49.146660844842714
16,74.5238957196827,46,30.571496790930613
44,14.175049326822345,17,39.407628376277444
31,53.489856053393616,8,41.50159063830974
47,53.42494900017729,7,53.82729197874771
21,14.776646765072286,24,22.17575273634465
3,11.111721635766242,30,10.105178272295253
4,88.20467486788363,41,26.718226681969682
36,35.43472526877338,3,41.3471649236558
40,20.467955585117636,19,35.20778656409944
48,15.419209000893746,27,37.59938104691807
12,60.08415422249116,39,25.18845631659814
33,54.85007675945509,0,44.28304850453883
44,57.91969106886757,39,46.90940784431458
21,7.920542476030703,43,20.81268344290576
22,80.41811251485933,22,35.224715836792384
50,35.033975712814346,46,43.493171235199604
2,28.203246578732212,12,16.086776197995743
41,41.61253025229653,15,46.244233537983185
33,35.10594591728654,25,35.85741872524977
31,77.72193028252313,30,39.87983108504059
44,83.6334877678103,49,50.85662513507588
50,27.31078948046456,0,50.56442622933868
48,77.75422267139594,16,54.63434728122334
20,70.33708165797604,15,31.850148146222466
45,83.77269051102856,36,53.997041499498955
43,22.117528096729906,9,41.938600797334765
20,51.92632351088812,37,29.208660631366072
43,24.709012626640018,43,38.890921720602336
10,74.16850414359368,30,25.039843804047873
38,0.4791771513957832,9,36.18156348267804
3,50.83372465977565,48,13.347169648012141
50,30.52830881447262,33,43.16489739799707
0,29.04153363700382,50,10.0
27,58.04156914784253,5,39.75184008810121
23,76.63360043825945,27,40.564924727670515
34,54.82758522539936,27,40.7975605575668
12,76.78556807820502,12,35.52343051880826
46,23.8137400692927,40,43.86039164943305
33,46.755166928848304,11,41.83360518058441
10,40.54828851603684,49,20.908640304137755
35,1.0480409552786596,39,31.782352166070954
50,50.11309288266661,49,50.03001054597185
16,59.53718917315574,1,29.18877779672546
34,53.2722963977163,7,42.930971584239416
17,66.26519089050794,41,27.61564474392419
39,51.42055756077694,8,48.72637240498483
21,6.007522936568122,49,17.93700361037886
23,10.480097167624029,7,30.6506393729466
18,53.682711978955716,50,26.03966706017395
36,24.748127277627617,2,39.79372119502836
38,7.168061613128925,8,36.0763169888257
20,38.66424691036921,12,29.56361977906235
7,49.88903382752898,8,24.215296204369814
27,29.58713895146459,30,30.1852709241123
4,64.83903320032002,24,21.23806670091697
16,57.93935472911202,43,25.526619016609995
36,29.953652498250477,44,38.232770046160475
35,67.93852760177046,7,51.0327289273385
18,58.38255382797319,46,26.434915786178895
26,57.370084084611186,30,36.8719574091928
33,49.80849307083612,44,34.80608085525102
10,1.0250701279697516,44,10.0
44,62.68564651292002,30,46.66210127534865
46,33.84376119982408,16,48.60841986473433
11,84.834873914279,46,28.736020828747062
20,73.61862939694848,18,37.374620472258876
10,52.8925022578181,2,29.055015249638544
38,22.696378363734247,45,32.65005499925887
27,18.334565394989994,29,27.568077274686008
4,30.634635390979422,9,18.467391803992886
16,42.891114922201666,48,21.88708874571904
19,26.645895903505238,28,24.568029448880424
40,46.34365458532345,39,39.81928640624276
45,14.883338296186734,17,44.58612924207819
11,87.99415315429499,11,35.52589210123473
5,9.713209946849448,48,10.71679788236755
16,83.87497256889348,22,35.993235462116395
50,82.22202102624254,10,57.756652434688036
18,47.28244336375482,8,29.897434592784315
25,65.24192446524759,23,35.694919925414425
47,39.2443468175329,24,46.63431958322067
43,56.703111978819436,24,49.95614978710505
43,30.651834367900683,46,36.38484520778484
31,27.104311780690082,8,34.75358350328767
5,52.04068075525623,11,21.469164131886387
35,44.83167067655823,10,39.338300808151224
37,52.1582732234983,48,39.541171154346365
10,25.79945231583207,37,15.925931824531496
32,33.02620486352957,27,37.17887462383602
23,7.550816456601837,7,26.00991649064333
22,4.704873504498515,9,25.90885901750479
14,22.811141670571462,24,20.992199070868843
26,6.682217339749118,46,17.673418391978988
10,9.339723777126663,35,10.747653569685292
50,73.16355648545434,49,53.04979223500624
49,3.4986327315020374,42,39.37565017952716
16,59.30485145412685,8,31.723630581823485
50,24.530197393386047,40,46.56630609455289
13,78.43911126373138,7,34.75777173416308
26,43.64930561197496,2,39.77045214903828
17,27.501881339504315,17,19.931041973757544
27,46.587504212049105,45,34.93579689077869
50,34.37622171407419,34,45.56093841021008
46,50.78709582028472,16,50.007146429563434
46,10.307958149371341,35,41.38513543784494
3,89.7291452531296,27,21.766299257721542
6,38.300028992704576,49,14.003338315567426
44,31.34075757366318,14,46.985782224820426
34,63.918886348463836,18,42.64967769337227
47,32.75094658457992,21,48.12767079858965
8,74.9946874525882,5,31.20170092992523
7,40.884365192438274,46,16.515206788144717
44,64.76025719388915,6,54.04985065821936
16,9.67078947976979,43,19.273424503434217
16,76.15072669996006,47,30.585147279609743
48,66.21461881002989,8,57.50118148706908
32,19.054510061576913,19,31.598314544935363
31,13.075740877120799,36,30.079135784258504
7,28.466311385306195,10,20.071992247612116
18,87.84635274287139,1,42.267057128916775
37,23.114841711035275,21,35.056977068818604
2,41.051448805197,47,14.707510351530715
4,2.701820314560268,35,10.0
12,35.750477660960925,4,29.631382114558342
46,51.41880138897925,6,49.806816344455996
45,85.78121512571686,5,55.572695439336066
30,46.5062440446058,21,36.57023848784362
15,73.7196593559919,9,35.99066164246922
49,49.24148783120105,45,48.108392909150396
31,3.6706512091966292,39,29.94313392693771
21,28.350744767079664,45,23.01915582216565
28,51.79945570479929,45,32.22995723601478
21,85.55345693380119,19,37.49178040515058
42,77.321732377611,27,49.76173200417239
2,20.55200527609629,22,10.0
9,19.809884701724716,34,13.864334213241353
41,18.105567040251067,0,39.9001482281664
20,83.02490066722528,28,37.84292021208926
15,76.73995377915486,8,37.60837979430938
11,69.7395089027654,8,30.89118109033172
1,35.346160280180484,21,13.271432959217616
40,45.394263386889016,1,48.41740433060326
23,41.789857031563756,15,32.129452038562256
34,22.80582968034354,39,34.540861392362864
29,45.45252415338903,5,36.74964910238912
29,2.744689306747902,12,27.29693208094217
46,11.862933614771325,32,41.22490496610539
34,79.79306365520517,18,47.01807896476577
18,67.6511790328281,14,35.88398920548743
49,38.05815681531784,32,45.39458317621464
7,46.543532605548954,9,23.726011849428275
25,33.29989973639797,0,35.25295450543506
48,66.67018804446052,11,52.209795163503564
39,70.57684613088716,42,45.10852692390747
6,68.69566711828432,28,19.7067497776118
29,65.03505523510046,16,43.84671782415525
6,18.405390482351624,3,14.795875219495471
2,30.41729813164309,28,12.90567487378979
0,42.28608914853074,6,17.5474148758452
35,29.771369228489004,43,32.08000373413206
24,67.94461801424961,12,42.287332967788174
36,29.64181718249592,4,39.144973789946576
0,12.440887810680344,5,11.198591201721515
14,35.913640684347364,33,20.653731516455558
36,88.19229895041423,6,50.54247654900632
12,20.32932716402183,45,15.497902970072577
39,55.09427930489062,27,45.674966264158236
7,38.967574485573564,45,16.263777202635914
4,6.392211088439397,9,11.211384820258694
8,43.908894539825354,3,23.919195317864943
0,63.19478957834812,2,19.604947358879862
35,46.189797824503685,24,42.50448220374857
34,78.4895457371923,22,45.185980965480866
1,26.004331499182438,26,11.095942676966477
39,7.762425417356843,13,33.010187361642295
22,84.29090504922056,37,35.69478681616536
8,34.03767145753971,31,21.12217871741195
33,51.876499630827006,22,41.398342113573655
45,71.28028135171763,46,51.07405050859087
13,29.188229748802254,39,19.320867541024995
3,64.454808435985,36,14.350647311501977
29,12.187696483604523,2,32.57674344399732
30,26.216437248495474,34,31.54571339141872
37,13.023957252286792,12,38.49606973278348
10,73.01075025612221,33,26.578669440092614
34,20.038431170410682,23,32.81410421607726
7,64.56631998646893,0,27.61486299895486
2,84.89685575210873,11,26.044850620608905
13,47.49949881619893,7,28.597188903311547
12,48.602627303461894,18,25.226584425355092
44,41.493021128803086,8,45.91832644227215
31,29.330112905427846,27,34.64982221816316
33,42.80895278324254,13,38.23407555403011
44,54.25267790400835,26,47.11854229103504
18,88.73924149535934,17,36.87001221842815
37,84.39881033864017,41,47.10420799579628
15,77.59376624638097,40,27.27618746875965
1,80.02174821343725,5,26.018566134350003
39,42.106426496283866,32,43.08216342892767
16,59.16998944597184,36,27.825540720505256
33,80.55600506425927,41,41.726341771505005
41,35.36556884922177,24,41.44181083214673
15,86.5586230510922,12,36.603220183158676
37,37.420745586226474,22,41.20474412030898
1,54.097439885389406,35,19.2773614694104
1,63.882424194513476,32,15.424999674253344
25,85.55328117683445,20,42.13753177266833
12,22.015464664703945,33,18.223878213973897
46,67.1517880414778,35,50.2468392519409
30,46.873402752967394,16,38.6855596953144
33,24.170142655857696,9,36.124956657551074
38,69.89461558167515,22,45.281295694365774
2,49.70000521564619,43,15.317052894986189
7,59.487643858470825,1,27.946037771236686
22,29.06109617201109,34,26.01759145040359
13,43.31465566448445,13,27.93161621961839
26,55.56188258892604,46,31.937582264253926
28,36.44197328428596,44,31.209526414060274
38,17.85352858629312,40,31.007219291589532
38,86.54764430837736,1,58.24439117659735
0,46.032078603835565,18,16.051257082063426
16,66.05283332589305,15,31.184193909039447
40,36.994247420045234,42,38.56734700223336
29,31.96185876231447,43,28.344803581308984
12,36.64478686204125,24,19.79192426683768
20,36.82769794070848,0,31.447628244349353
18,48.97621043477582,1,32.47347358722187
18,48.912288298322686,47,25.780209016602342
24,44.74384342945845,26,31.780884200109874
21,12.130720642569429,1,26.80996812221488
30,44.6467930650478,29,33.17320659149664
16,15.219351037858633,50,15.769132318211645
22,11.352220766618865,9,26.642993340929973
31,83.9381145607051,18,44.71014059643165
9,54.44550118329338,41,21.623437540353127
9,59.354105231212586,15,25.650402019982213
35,36.16143033000274,12,39.646445601485794
7,81.80828027233778,47,24.626193560727984
19,57.41374406216989,49,28.403035003730455
31,69.22528825712287,7,45.91110004316005
49,33.170622212494244,49,47.55020955919989
13,86.40106927372129,30,33.607777661077975
49,73.84151611424835,44,49.50741537280423
27,76.85536167130893,24,38.50334805814901
45,15.497484068317885,38,38.35020323059768
23,24.386688708409757,20,26.451503693740136
14,25.706393971521937,49,18.372272515267674
21,24.381830092218404,37,25.01955072082428
29,76.98673458938592,40,38.730321740804015
3,2.86963156877329,28,10.853276710124703
12,6.848999008269687,5,21.92819982620558
22,24.652338356691335,17,24.15681178642707
7,17.98856771844993,48,10.0
17,20.867365249456352,43,21.817953353010264
11,71.814887032797,34,28.702635377359464
30,50.68139345028422,26,38.24158232526349
13,0.5193595163671194,4,18.62575138842527
33,38.63904891337757,6,39.7215761573651
17,36.7096434165323,9,28.965127550161146
33,10.255074250008917,9,34.15396813496076
10,60.852760974131144,50,24.285997608778604
40,63.1887469541542,27,45.225261493842595
11,64.88038971468879,35,25.46206886664748
48,65.56238510027329,9,57.14314765001879
14,0.004754423906712102,49,12.779787259031494
30,85.85287234620499,34,44.416893139829625
48,73.27878903491967,34,54.473001424481424
28,81.35835269303567,36,39.62198857308029
25,1.4078965776690722,47,18.690243855730216
17,84.04729162071655,19,34.36389224470591
31,72.88096758192943,12,42.30866064271091
21,75.34972286628287,10,34.557975077930266
37,8.395864624977166,44,33.16269565319834
16,66.49002260267379,18,28.025958506798098
22,86.39250206778819,27,42.351420862916164
23,61.06926072763446,37,31.708277482305817
49,51.350526416214585,44,47.41339465080453
7,85.10667099740972,3,28.44154720132935
40,39.86434095609924,36,41.342001899103984
5,53.936420967943086,18,21.06549965461502
4,42.87044641449295,36,16.09628455347679
43,83.95615992242692,13,53.36698488384484
28,6.847625408895653,30,27.431156628157378
27,45.100773074281335,27,32.22231980028807
10,61.82571972468945,35,24.272676404212575
0,71.27158845800132,43,18.728281113391237
42,52.47167826997227,37,47.246953746595054
18,81.80259697093086,18,37.872321280407746
8,84.77923021954845,41,26.585604284713988
26,5.7887300874225165,0,29.341809967762075
33,36.213348558723695,22,37.669493817072436
43,2.1113119549038997,27,38.00568662324522
3,29.647499163699862,47,10.0
35,48.31813961735419,3,45.5200465917333
17,81.9715437458954,40,30.420320291338996
14,76.18988902188626,17,33.400603920294635
50,11.474975400478716,48,41.17784934124615
12,8.372733726680613,46,11.831416569334964
18,53.03406048810003,50,22.622050880727482
48,47.89061752129044,38,46.948985439049444
5,23.973987728702145,24,10.0
47,80.95077760984518,17,56.18342690088689
11,83.4629768515398,5,31.146114203402202
50,36.23502945061464,18,55.773509245919506
36,80.12723014021682,11,51.692836480892844
16,34.55540048366753,24,24.655479153232932
22,66.31351486467301,34,36.227523089776035
25,42.83479957929517,0,37.47703013052829
28,11.03248408564647,4,28.879417136016855
32,83.51407811133194,0,47.85194401826715
26,40.86869340397829,7,37.38267269724765
24,66.10383362901632,38,32.39969185862051
9,33.045643298816294,46,16.79976476640497
46,1.6992790718611195,42,37.58937180951233
22,9.047732282265232,17,24.138259784342793
20,44.659753154093195,45,26.486610409716224
20,62.09679214137262,8,36.88294627886598
42,30.126179392135118,4,46.39341514325197
12,62.59396132598853,3,31.36514691955958
36,62.87720304887604,43,41.2995319132094
32,63.35423165950478,28,42.04555787540741
23,44.326966861845754,0,30.9223208029627
43,82.33975351093535,29,55.16910996156314
10,44.0276866182554,44,18.94042268437091
16,40.523867414697435,0,27.834838785586047
3,17.94427371095643,2,16.587782579441633
46,27.688957862070286,21,45.73065080890702
24,3.810104326647301,7,24.559167681946377
29,57.01817642545532,17,39.288714843230956
8,22.36821695343836,24,16.548313544909096
20,27.373972903691858,47,22.36896073280341
19,69.37330694978891,19,37.572700988903065
18,29.44990648453085,30,23.949670624211514
18,21.797630281182798,29,22.34971659323962
11,15.215197422033517,15,17.13230395142699
36,69.73725619637604,1,47.34777219782375
41,11.67356321910242,16,39.418797807657555
16,40.83783842253182,9,27.077927505500526
36,45.6237104469475,6,43.04888333578803
47,61.865092141714314,41,49.519355394707375
38,56.99551340996959,50,40.62648158720864
27,72.96486056506573,8,42.562894226844
40,4.027629053361434,16,36.66815947699239
34,26.679665230145748,8,39.185134082477255
46,25.212070689784177,8,51.32447569528178
47,13.14152150328974,36,42.5869256844739
17,26.026042847079882,23,22.93062836146007
13,27.878878272861307,38,21.40678926461842
34,46.96960157347304,10,39.586338720009515
43,59.733403103363045,7,49.86416548282047
40,34.299046225063265,24,42.673575087545956
6,64.75232081820431,45,21.752196979515787
40,30.2548804721622,1,45.10404813145965
12,26.125530958328433,9,21.09451042132249
17,48.70692502713219,23,27.02449745250427
36,2.1344724275211546,47,28.839197371005113
12,7.181021127060033,15,17.08162476867078
35,37.617258922787435,18,41.09980327858447
30,84.86214402525809,30,42.91776076465029
1,64.93606018590813,10,21.57358644500094
15,7.9313912550501975,5,18.084595713842845
8,76.16862115027864,5,31.8343846982849
8,65.9070693547363,31,24.776168615536303
37,54.98518731323878,38,36.62503239866051
10,73.82636645482596,47,25.605310610782205
21,36.36988629686614,12,29.371623448504135
32,19.935094576846748,2,37.63890507284302
35,46.08210501978834,40,37.50620125773149
44,49.395758003412645,34,43.970402809078855
22,48.449373480892085,37,32.997969208563674
44,50.85664123320947,16,51.71526421741712
44,85.38344264152627,2,57.20532934393669
33,81.20210607866082,33,45.13569849325856
8,78.81453329030455,11,28.79445443699045
23,72.12751298177645,23,33.66252434099529
7,84.90852965387569,5,33.7671012947199
6,8.864517751146293,41,10.0
35,23.861093530116555,10,40.319300167117255
17,44.55503510891264,47,25.15546338057419
2,76.18810438110647,26,23.31193989521365
27,45.46491403704592,47,30.861149586699884
5,67.32312654074299,23,24.917508075782965
43,12.50639147240246,17,38.19046032660005
43,22.717243167890416,26,43.41228243266926
20,65.85984855339052,40,31.458385126224098
27,14.826060799895163,20,31.855261199251345
39,31.622034118943407,50,35.87978607165012
0,23.837963203221427,33,10.102600437988311
35,31.487552480023062,32,36.525295532997774
20,63.749164417017326,47,30.851839783429146
42,33.10624630285209,17,47.0929957277594
34,49.97369903471462,2,42.61860196938093
12,8.993868934896868,23,16.492969969982372
48,72.4515923911165,0,58.051848299985444
9,33.289976308331234,5,17.577104586935015
43,58.36807431300082,18,47.96380112262282
46,65.28506414956493,21,51.127317983649306
9,18.869482990053037,50,17.85010195002759
45,79.6207486458015,42,51.64109109990474
12,55.46018264462576,7,29.42900116686892
36,38.58526275763333,4,39.379721498208305
37,16.41016652203976,8,37.856577546448555
23,84.8070844111086,46,38.03361417137689
1,67.95613837184627,20,26.324520785956985
21,18.722210645992398,27,23.025846170390743
16,30.393969725180206,45,16.897635365457013
35,72.87068322792659,3,47.073401476412165
13,62.61098968938051,23,26.62954565476138
9,68.92058634441518,7,27.51016280546974
34,39.70809919916392,16,41.156633965774034
24,64.48286363779502,33,35.432140815206914
2,34.78443505775223,19,13.25004949624434
46,19.013662524437677,15,46.585139149055465
37,56.940933135722396,9,49.724258917951516
16,87.84125330389148,33,30.40823311530137
11,27.954087425579665,42,19.346113454101918
23,41.487263299128564,9,32.707216509363256
28,60.66012339628682,29,35.49799801902023
42,48.735565391023904,29,41.886723086617735
24,75.90850161381444,50,33.57613041948891
35,68.55684358225643,24,43.56765780065698
25,5.246748347612133,45,22.094336924545097
37,89.85791105313966,42,51.86366757197518
0,67.71622083475205,40,16.52740151404428
19,77.75129846647019,6,35.137131206734566
27,58.60779408858117,46,33.06120166817586
15,77.06566152420861,19,35.14714629356226
46,10.114467743583846,16,41.32753063252376
16,31.296405200338402,2,28.4622355334827
39,78.87788492440434,46,46.51556906782522
27,18.148969014020302,45,25.90212356911737
11,7.041788872202046,39,16.43280928209152
26,70.93070459506971,35,35.199878900509205
41,75.19375400789666,25,47.907431642744974
46,14.638699637091054,9,41.96015299302706
29,76.89113845044439,33,41.41887220502952
40,61.80910160374526,13,48.51868382605992
33,46.807441489492554,7,42.831748356775456
36,74.72251735032465,26,46.0924090920971
5,37.73243243870692,9,19.30528096288586
6,17.45945606010575,49,11.000204313707593
31,25.636740894955228,14,38.120264619479904
31,45.46476164639833,36,33.06836903287805
24,47.81977134058582,21,31.373641639920727
32,72.50227437971103,44,40.3826495797631
6,71.2217451287101,49,25.159296348016678
11,52.32299014841174,30,21.521299722345564
15,70.27069350289287,1,34.3841480758229
15,17.25961124643039,44,15.597118217314046
42,4.505807438396491,30,36.59751906370991
35,78.62704403712301,13,44.14688426253375
12,6.7999044386492615,9,16.337637444554282
6,22.201958676959755,29,16.847080138703813
35,62.57870546619461,35,41.784383768831056
46,36.850314386457825,46,41.17937428719199
50,78.8682572923958,39,54.832029369843
8,26.81818151960426,14,18.737045786189253
31,1.0684212002423366,13,31.08530037037045
10,27.05900765046697,30,13.760232000000205
7,52.02675442663485,28,19.032016253021883
32,33.8344537862964,26,33.35714229515816
22,48.13854801828797,20,33.286552097824455
24,78.89383069515168,8,41.36614541170087
7,82.12365488073317,19,31.35593076030541
44,23.93766581887009,34,42.14581612489078
21,41.592642594291064,14,30.2267190744502
3,49.42296137173061,23,18.43550023875508
39,85.42012111994224,48,49.7717935068558
2,89.87555872479462,15,29.99154144585347
28,21.186652395737397,35,28.39597148763469
40,65.4281884211234,10,47.61556341290113
28,34.022795600987564,7,31.152832040085073
33,0.7297377197591903,2,28.743741863445983
33,0.832727019231212,18,31.510710594394656
27,41.45094068060302,45,31.34416833800964
12,43.950142170390116,40,19.839235460130297
14,2.031272691609839,2,22.509228426833953
22,61.82346750968722,35,32.10080818288722
43,26.46030497354578,24,40.61526630023767
25,50.390379138235446,35,34.67039952389071
3,27.082716584887688,10,18.09366443320461
25,15.042088338237647,50,22.905225894256002
39,36.645636473898776,15,43.41418922022907
8,20.90460283114507,16,18.66834802559426
4,48.13208792272513,41,20.626951342304796
31,17.894567725783197,23,31.56687269707164
19,45.75653789801643,16,27.691564218508404
49,14.16406633819808,47,41.33377004399414
10,60.387723853720644,19,26.35197491960119
14,67.85439159972816,21,30.445515039868937
31,9.93548108249404,5,32.874650298851066
27,42.10221708336053,6,33.23779420322836
21,6.378453058938622,13,24.548448743857325
40,53.836420098780216,10,46.54897164443342
16,23.796386813668082,11,23.691141318260893
25,47.48620111548371,45,29.450885978515302
43,46.57149084458621,4,48.73589578352173
6,83.19189115744204,4,30.759278081827443
41,49.41749003118506,19,45.67488697289426
25,52.46986317464841,14,38.203602873956875
24,36.14878131879423,25,31.792091862938484
9,85.41716428645351,32,28.43723278596236
44,69.94673184956487,29,48.36859458608976
18,25.68647612725574,23,25.448351523286828
10,75.97886271986089,22,28.265961400135755
12,38.9156724166581,8,24.64164430666229
7,74.58004291802345,2,26.878638461752303
39,74.05992614641518,35,47.68912686190024
3,16.998316808656895,47,13.636434852630082
46,63.10270182452192,6,52.90796710133223
30,26.1578672375878,21,34.32677812386321
27,26.77434029934014,13,34.79658622224472
10,26.671326919252266,47,14.23831118292416
42,65.30114228039534,28,43.4098501487245
0,20.684343761328247,49,10.0
48,0.08152517214812027,15,41.52492798723523
46,64.37131681343698,47,48.64693172718882
37,15.406626945161275,33,34.14111658606167
23,9.403415577705118,9,28.950289840862855
46,21.37645085346541,6,45.38024371932918
30,34.19104700904336,24,38.57997821152553
40,42.831569472588065,26,44.062412411147264
45,4.011303664136774,14,42.22523132196055
49,87.35159993646243,31,57.133459057467164
25,64.44567480776023,27,36.9608259725826
48,29.087465879190255,8,44.83822226694398
49,28.68275315568576,6,47.98258009604295
4,40.368829443161346,15,20.77907381444304
19,56.36203404867297,25,30.68865820164489
40,13.173575993007098,34,33.28495858781893
10,17.00368323884571,16,16.63231949812096
32,77.34911245501958,22,43.185257552232486
49,23.06294315001653,7,47.78474272164312
37,34.21754981776598,1,40.92510003002426
26,78.41446658551054,30,42.22901653511961
33,59.68330464598403,31,40.80307114653448
14,30.75406914075195,28,18.959784455404627
31,61.53295911521587,2,46.778873226830726
20,1.771489384327234,7,23.212731644944874
45,66.20783940102287,1,55.60355401334055
4,43.83144364646155,30,17.6797713480445
5,73.18639325560152,50,21.47212271361952
37,85.91738868058215,48,45.19645967791632
21,83.32096945451116,36,36.625719677419056
17,81.83385391098066,19,35.118297552532695
13,46.095296034049845,28,24.843268760124545
9,32.412790272504424,16,20.01110379226659
45,41.85317922576055,9,47.94055246981318
12,62.090640298202466,40,21.89406244146036
30,79.55979991840681,21,43.75155111527802
29,18.62876727001076,5,33.724980787115456
2,82.63738426155327,42,25.325224963275154
29,73.36622087729002,33,40.98197618873464
5,88.09704136604111,30,25.170043788388373
28,79.22265959535184,11,41.76517666849091
7,25.1943596722716,11,18.823747694464576
43,9.536032020964292,15,38.26731108547996
44,10.101696479242975,24,38.08338563556762
42,26.21009867204485,21,39.99576750251049
43,55.27653515860853,26,46.59813347112466
32,72.38882934874553,23,44.90001053450236
16,80.93252762834082,11,31.756829939415788
47,56.13780459323095,17,54.166860767287574
10,0.5068181473248357,44,10.093091274485444
12,16.768509886668017,46,13.585537281561596
49,8.975358346803116,15,45.6205921807099
10,32.6992028012109,3,22.677340341348675
30,45.12158942703713,11,36.28060552549462
27,3.9057460720704764,48,19.437482069512726
43,31.363017821608977,32,42.9634930371069
5,16.12617071627903,21,15.094709065372236
40,58.23631496329865,17,46.27116601499009
15,41.7845132391906,47,24.449552370598063
3,44.57858822405179,32,16.28737953363901
34,38.4922609230115,26,40.25446195614526
47,86.04177394379103,41,52.04361952532589
25,19.32616126094069,18,26.505639960422325
11,46.49978338594869,47,18.922658069827722
10,66.24156315288023,13,27.49918389245597
36,50.11599718211063,24,43.925373157046145
24,83.6118797145121,33,39.15906212299356
17,34.01715200771557,23,23.734945037690064
18,41.73082251958602,37,25.418482327164348
22,7.967008369325558,22,22.837298105567946
37,54.809919994673564,4,44.65446777027468
17,25.939077160329543,43,20.478331902270583
25,14.427813556401198,35,24.753850490296102
5,49.00781636140573,23,18.320206036312662
3,47.90792370419196,35,14.878856697913282
43,6.828447710164279,4,42.494882695212425
50,62.83939081450255,38,52.71470987375087
28,56.13949715857676,5,41.96523689092928
33,17.011555447184747,44,29.33480756379352
16,42.24913759386395,35,22.22435607852623
42,64.8290624830704,44,44.61800822252573
42,47.649216648714884,3,50.53447134168299
15,35.59401685652132,9,23.06799457424434
1,29.010461227284928,0,19.39151401450374
33,54.93544799796482,20,38.866770312302286
7,84.51978284792165,39,27.513309601470105
12,60.45703564297351,38,22.750490030176966
41,6.7271313272683955,36,33.455090165639604
7,41.46164761339204,2,18.777375457669702
29,80.17417183595649,46,43.142431489240884
31,8.50161832209782,30,30.04998516451684
35,88.9988140923789,26,49.66715984920081
46,85.41624542808792,16,55.89751344027378
29,7.0447032656888275,22,26.547431952638
0,84.00719884045995,12,26.554500982567568
42,32.6819331233516,46,36.63013744117275
38,76.02382503682763,26,47.57051128688711
16,37.654500394194436,50,18.729439845921448
19,39.67696014322643,19,28.633288921815947
23,57.08187818797884,45,26.932550108653196
49,69.7029677348385,12,53.47943600024564
21,3.0410235853423773,43,17.13856580840371
28,53.38403959744208,23,38.056314067699056
21,16.80596946876339,40,20.99855847122881
43,31.135456607688266,2,47.99428796776706
8,31.317179953969482,42,18.564832546112825
36,42.21543061990383,9,41.67579986460418
9,30.072277068855605,0,19.35756057322946
35,9.662500660560099,48,31.163860044664116
36,13.10658646729063,12,32.9381849497484
27,3.0094187004987907,13,25.745356329888786
27,42.322417679587886,32,29.162354994064806
41,85.90029253676897,1,57.65638795806248
42,10.41077012833049,1,42.476325390774946
20,85.16380437027738,38,38.5693323239707
23,66.00253632588841,40,32.41799604615755
41,57.37489226407469,30,44.027028135993376
39,58.07499797912066,3,47.41537832715021
1,74.40548835566538,33,17.965556121273533
7,9.622787794183923,18,16.981861120094575
47,45.427889120898755,36,53.33884564143431
26,62.73820244346827,8,38.10001689293957
21,52.813840056620734,23,32.99816417314061
36,74.95011639209652,12,48.07904502747452
26,6.504453811021635,43,23.93437161854131
28,62.163093554924934,29,39.80201608259326
2,48.0624957346246,18,16.026316409256186
43,34.12447775819491,40,39.96771444837779
12,30.624748401062778,9,25.58126080008592
44,55.874936949677355,50,45.49265717901709
9,80.18958371798384,41,26.842556229052544
35,44.65583334910038,43,38.0005343513125
8,74.22508476692282,13,29.71079997181764
26,36.19407436595708,39,31.904341710665662
33,9.215501651385889,47,29.400647606935614
50,5.535516281277469,48,38.80564990326134
0,4.620093419130981,19,10.0
31,34.21351277619029,3,37.95784456255256
24,30.351397575225786,37,25.827992107968413
28,64.61433212603126,43,35.96961152116291
6,66.85393514263792,49,19.9931659238888
48,4.576857195036585,38,35.41918752341326
2,19.901093660011348,4,16.33008865084637
19,24.683566514300974,41,23.975640194117435
19,49.285078572852846,31,29.594633527497063
29,13.006370151625523,5,33.92068566977081
34,12.054709746000032,13,33.909123678096904
34,84.94100002871622,5,49.010051783142174
48,72.37826165680029,13,58.02346307215349
38,16.258941188205327,11,36.084221355790646
26,36.59110271149419,26,29.43133969086172
25,32.005979933180896,25,31.047473441449597
13,71.19036666588666,11,32.52959972856076
16,45.91916248303099,7,31.193977415210657
17,11.506476329412031,9,19.430410565626083
44,66.50928568406195,15,51.65637265522538
28,35.7199180402427,25,30.73325016631769
19,23.663182286893235,7,28.69322488378327
26,33.79487598186481,40,31.626473293627996
17,44.79809072462067,44,25.268609498634746
3,30.880396477530848,28,12.960383584999299
0,21.771519533258203,19,10.007133601305053
49,35.86518259235823,16,48.24937932382224
0,1.7255619674908418,18,10.0
25,69.52480614866825,16,38.686478931709736
44,15.385040421082723,38,36.675277249970435
19,3.9514152267573524,0,21.326984825765393
22,58.83288236145713,28,33.72786932818174
9,69.6542515941305,13,29.196498361327432
10,73.24462184335589,16,32.64776435347456
40,44.415826439453994,12,44.21677778922229
40,18.483136622098677,28,33.716218011121875
4,66.3504909524844,33,22.75070103581729
0,62.97417694389034,26,20.550347898473127
16,22.16436606928559,45,21.166876490021814
21,81.30669802765136,32,39.10398827896219
33,9.39343122745461,28,33.749747703526594
44,88.44194156321932,36,51.134835416977424
40,77.42230298797182,38,50.880615707256084
28,61.910878093116764,18,38.626105008985604
3,84.48748994518496,45,23.844371644804294
4,65.0080051491337,23,22.870586471888434
10,17.141129732704133,13,16.53272773784726
50,39.79405243015306,46,48.379527180943604
20,6.435272189847182,36,18.974851406536548
34,35.069168005930386,4,43.93138245833138
11,66.74427177634878,23,26.072367957948195
25,34.779901583773565,33,27.497078033985776
50,29.72647579213207,49,42.26955393916828
18,53.58201502592807,30,31.806805554043216
44,78.49840760990055,29,49.01528164912577
6,4.282487329150118,8,15.682630404702138
46,34.692339122976186,26,48.90318884332512
6,14.241666763373644,27,12.659569905757573
25,62.58188256586827,41,33.08020374558829
39,9.51521043880214,25,35.61283399368652
4,59.83269827222201,17,19.971721330841383
20,25.75627837181166,35,29.197784140166856
13,17.902513236350224,7,22.970123506610335
3,84.27173020424868,17,23.963314136672867
22,1.667211907136028,19,21.269067242754858
41,39.3999544700612,31,42.28825847449822
19,1.9464293215614403,28,16.90043885251567
14,43.52337432938961,48,18.296032679702474
49,45.09426400149764,47,46.85638896225841
44,28.94962242552723,17,46.05192116437081
28,11.89455997725213,6,32.90935592045927
7,33.87487839610278,0,21.555500539594586
40,60.50366459393094,27,45.50171410354066
47,70.41562277800132,32,52.286464933401135
18,47.76755421493281,49,26.78776492050068
47,53.085095499578,3,50.55348307099658
38,18.05547340121874,19,35.80625939584535
45,25.85972999048845,35,40.66641405131291
27,14.570604904712258,30,26.829642289584317
45,22.43658150041502,37,40.328374465887585
26,20.23981022029786,27,28.14815667133393
3,46.750390775211386,2,22.4981275767019
14,50.641988021165645,5,25.652765159880694
34,85.0452678739354,44,41.00617346983134
36,17.601358239137074,22,34.089882910898325
0,57.75081391453463,6,22.377341494747125
2,73.55333420887706,35,19.55676728406432
46,50.421731740474726,0,52.20218186954637
23,22.950328725096814,5,30.19634659104338
26,23.62952070180002,23,30.10809765128126
39,3.532774776389992,36,35.73570517967733
35,27.489980389363353,44,34.787284434548496
33,67.01433111030421,50,40.99779250683329
28,4.276598148639934,35,24.95172688148657
23,19.736575425434758,23,29.54432279514679
23,63.56092486786037,37,33.40540029810652
41,70.4386406540589,44,42.2770877391538
3,40.97865690557356,28,21.012504706770045
2,62.8266904630784,36,18.65770329699623
33,34.91569517894028,44,34.54268403901839
48,14.392192052171476,31,39.69121948566429
22,35.83345441706159,24,33.36092978162325
22,52.197103818282855,9,32.902912934295465
44,85.32479536676013,34,51.99446545316605
4,6.187585687980959,24,10.0
30,45.665468446046454,26,36.96224908126481
40,29.602780038965193,44,36.75752524925216
5,45.74805248490251,31,14.912422120096426
36,2.157790263887851,11,33.84641619720028
9,28.172281923142318,3,21.674046303980607
39,73.78813327743045,41,45.412674639404116
6,49.85475604691737,25,16.779175258469195
38,40.55242435345057,2,44.992076485149624
37,25.69725645438056,16,36.104170697582504
20,26.823827051222032,8,29.94319944234014
19,34.4791290231526,28,24.885003830597835
2,75.20136389681043,0,28.295510560592664
50,87.04918861274416,17,59.88800344215238
21,39.47898432153371,40,26.72658650517665
46,35.401755487298566,19,48.98294587652492
3,76.18956982378765,40,19.70738271603837
27,38.421478857267324,33,29.442747905233567
11,49.68163550660861,50,21.247730580400887
37,20.784749813887,27,33.3788522764652
50,66.91522822011677,47,49.735488198626854
35,47.87894864437037,34,35.81746650202918
46,72.81310952163075,15,56.816267028764905
40,70.26594570258027,20,47.04783898915458
4,19.35042914430257,12,13.56152707693402
12,64.40719955019861,34,23.601334925141405
22,72.00489671562343,41,32.880136730801055
49,31.149651670415558,31,45.59404160500545
29,15.534820161204708,49,27.70891814511495
36,0.2368940021629362,37,27.053466156571936
24,40.58132877838334,5,32.96442188983603
47,31.718945838495742,49,44.739266102805786
26,49.941885044286806,37,34.72049661874397
50,16.923698332990718,37,41.4791291151036
13,77.36989928998277,12,32.67503358734928
47,23.197969406529868,45,44.72566435992234
46,20.378664457888497,38,38.1877683514927
35,43.264265083592036,12,37.51033100121814
38,44.89659213698468,46,37.60712974256053
15,19.357670590658355,11,22.554778338951856
21,24.46746540533242,32,23.18910217026027
20,15.273471523972045,27,24.95851417162742
20,64.661416049085,2,37.05359458988003
7,69.30801281286737,17,25.002747026644485
48,41.609564771335435,25,47.09393897751687
15,64.26783204165157,39,26.010870621536554
30,66.23418527437009,1,45.75630481684876
41,12.444797491002774,3,39.79389152763651
9,86.9560222351083,49,23.955383488488497
31,73.8928752386788,27,44.35237780876377
33,18.403511507624117,27,32.17789733504882
8,16.754853217146323,24,12.631170937180872
16,11.309503102162447,25,23.13754406016467
10,12.454070628772655,44,14.111907999015909
31,67.33456191258266,46,38.359410506647535
9,42.26888312564612,1,24.1800845140517
21,70.46407554658805,41,32.08213569463245
16,67.16294049151848,33,29.08111077923697
3,54.415144215469944,29,18.08588175607194
47,61.77299459208116,20,51.075188329393775
46,1.6520151941227612,43,35.87370348465749
24,28.059988212451977,36,25.79304125747158
20,57.403996133346915,43,29.477707798947417
36,0.8410458137619781,22,32.021255008374844
37,2.967924931433407,32,30.29263610681722
48,76.66991842233449,1,58.610342265890985
0,61.56223755228646,26,19.49832603446707
24,23.883275980830955,47,20.013827399466166
50,61.91665561068381,21,55.38972773771094
35,71.3211002225337,33,41.36145950099377
16,27.611485479909113,15,23.554530144170283
40,3.2433639749268703,19,30.139308187170442
23,83.95012122189611,25,40.271347665509566
1,31.06618544660674,15,13.182765068331424
39,9.583358695623573,5,37.4670510550799
14,44.267118425383266,44,22.234743951305
31,69.16210160977204,43,35.14081868976798
38,19.948258315580325,22,37.41376819252685
5,24.2541045120027,41,13.49731398913536
0,21.844348811872486,36,10.0
46,89.25057475485103,7,58.21241387872396
22,17.76633603574883,5,28.285573459956094
38,51.79681952695116,36,41.40837916249755
16,83.27381774912679,21,36.22183503003556
33,13.220691199000132,5,37.50415867352702
40,87.37687780809301,31,50.00370870847427
28,85.27295109560622,16,44.7176458797222
8,79.61147883524363,37,24.637129972930826
12,19.310086919700204,16,20.695433023221984
5,57.0649550409885,36,20.43323959147404
5,68.48023256651162,22,23.562458608543235
19,88.74251353767868,48,34.88653666881709
2,16.238143987323337,48,10.0
16,68.94233095673668,12,33.09233650379971
48,30.492105293440165,31,43.287691631954836
11,15.80638190112021,21,18.05520202594091
47,37.92392470924695,6,48.428953889904534
46,71.44523209337548,21,55.07840994751592
44,41.83648233336469,20,44.48089593809561
0,48.377079018274365,5,19.46309525077177
16,89.56434691801091,13,36.64162312132571
2,35.91983696016834,15,16.8666105426364
25,55.38606792383158,2,38.160612660240176
14,32.871978145383466,8,23.53839112843706
35,35.35070816958344,46,36.85771216097158
31,62.60766781008673,20,39.44719586420734
31,84.4098278485395,49,42.51711414801723
3,48.81230554430893,29,14.115701389571655
17,69.15599360539018,29,30.80335469595254
48,8.028590293526744,41,42.11409030564675
18,19.004223368873426,41,19.69994774304507
42,45.19184768275792,31,43.981315178820005
34,1.8010551265897312,22,34.06543256907625
39,22.756948088630292,2,41.265743521807224
13,46.56611608424695,0,28.931235535362696
32,1.346507843067064,2,33.578579337712526
13,23.809165760343753,36,15.702447856202951
33,46.26277375282825,6,40.481531047966776
3,51.58343231831211,2,22.37642779819272
23,83.3176523749775,35,34.32181451506245
28,58.081106092554705,48,36.75583030889612
18,37.32622222769944,2,31.27807354164478
5,83.7316059419761,3,31.011288308428835
32,70.63946850490149,30,44.66788659801965
48,18.000802900147285,1,48.49665254086385
39,11.77581252139378,13,37.24538169898263
18,60.823047216845964,36,26.10012226457846
0,50.38948490192854,30,14.215473177043581
4,71.07062524134801,1,25.559650382124637
26,66.49245450708179,30,38.23606752168861
15,56.26903804717635,46,25.0155964593987
5,88.7743954466003,42,21.82393276469174
39,48.023075709936776,21,45.484879324307315
12,10.179518085154784,9,21.744631599459773
47,74.54462083343896,29,56.410002075025005
34,22.66680261111381,32,31.273505159382623
18,69.95719333295264,18,34.53457913189589
11,86.13963864000462,45,26.165187201972913
15,62.71159625679071,24,33.32068865278346
42,53.6427144854821,45,43.43969799312357
9,41.43475581075365,0,23.846578256700177
24,32.79688793958629,31,27.60094768254357
19,31.770427587465264,24,26.722155775406033
30,57.27354351386315,40,37.485937304343494
3,67.61458052439713,16,19.926802098081993
43,61.06653625359729,13,53.15703503682406
22,17.856909107420645,44,23.31320794860003
1,44.45884621291421,12,20.569418070872818
21,71.24760649647567,37,36.820934604962474
50,42.81336703701506,38,47.6638448287714
36,48.29609517619445,1,46.423033151607555
7,69.402244335374,31,22.97888200838878
6,59.51387756385824,31,20.517340426336766
13,36.84104287941533,39,23.76296584197235
2,80.58714400747971,5,25.289221301690873
49,14.631036179713073,24,44.01914473800113
15,89.59648037312922,2,36.303782699677114
18,10.696732062861349,17,20.878135798880027
50,1.3454973993815011,49,36.90885790911711
17,80.10170110338882,37,35.26463187641829
15,22.045815752936047,42,19.636699819390753
7,65.67296647020488,2,29.418310939458046
32,72.99138374388625,47,36.33463115309688
48,77.30877519289051,4,58.53105191209747
11,89.243481209775,23,31.333706921828938
10,26.463573903599915,33,18.327360908544666
4,63.92190077345332,46,23.497431891855086
26,10.385987245274539,47,18.446081839014422
11,36.61283622211645,38,20.121465528815506
16,76.31745239813313,47,33.82306169786893
5,33.089224145319754,23,15.648269135322984
32,53.198584248205265,35,38.08939495727043
4,45.33960993521706,27,19.171061843822578
27,58.135637800084055,47,29.165346081564056
13,87.56049504489255,48,29.944467671253452
4,5.0161973851261905,33,10.0
32,51.656536575146674,15,44.57684489620291
49,77.67259013252563,35,54.16977561263265
47,43.32444405735848,6,49.24420833813351
40,7.067446734741553,17,38.55675258901462
18,50.44854171750938,5,32.915733774305615
21,29.88665017414384,49,25.119199245565415
4,13.94476068041423,27,15.359799816830698
1,76.41310619551257,38,19.11220657622451
29,46.943956169200945,33,38.176862901111974
46,83.994877114116,50,55.253871494742114
38,72.54148541427621,40,43.57129517625575
3,62.36746143963006,28,19.03020471165411
32,0.45229530287807407,3,32.13490410360907
12,38.5041110974425,13,23.75146761577557
19,17.773765348682907,4,29.67286343638374
6,81.9718119943981,24,25.26651299122876
14,15.712558620872425,38,17.7318293835033
22,25.745404649335693,7,27.968108021594993
13,46.51530909610492,14,26.51999810889851
22,23.70272570982713,18,31.723941136693064
18,18.887820955120905,10,28.523646692236007
28,53.91893925924772,19,38.29083757900665
19,8.003657047952148,35,20.910270770864834
28,5.235098284883225,17,29.04000001387457
23,33.502076566746425,13,30.24240480910521
17,64.85980090570762,37,33.15505685447696
9,49.93260824465532,24,25.325622899833796
40,38.05888216201009,15,43.83052195907882
7,50.917640780212416,17,22.099836278911393
25,32.890633618794624,0,33.774210932643264
28,84.25317018889017,39,41.27818368557725
9,4.941440181969689,0,17.218192811749912
16,60.60523311268517,0,35.60006479294469
1,80.21543983449754,50,20.20114170955875
5,72.34962378617281,20,23.06243519021252
4,16.563693133930208,24,10.21950866332546
27,26.63337140822595,26,32.308273052613394
40,64.53431448363942,9,47.2441890976744
4,7.584350326268899,49,10.0
17,73.06755298493256,11,33.98426106391775
25,64.70162501443113,27,33.91333696485761
19,65.66459843118083,48,29.85333595872649
40,9.021723324083226,31,34.906713979625444
48,64.59844903346078,32,50.444058273814484
26,61.183631269797296,7,43.557100190754625
48,74.78302417396655,41,47.54473954076232
11,3.7436360630822554,25,12.971997689079199
6,2.0799601621012975,41,10.0
2,33.57063898907047,49,10.0
9,13.39094554642376,40,17.49400450688872
33,50.25460298131997,1,47.495634413963174
24,82.5614011356074,34,36.84336124829248
34,35.23317573006142,33,38.434108060271825
15,76.04553395453438,5,36.152190119315826
1,0.021678706607982656,30,10.0
23,15.16631791132658,22,25.618854158069016
9,2.738118568867706,11,16.060840759526734
37,29.53324624635618,50,37.1117412937124
21,81.73706361268525,27,39.49660258901129
25,8.725691123908897,14,27.448407783598125
42,54.57687990694203,18,45.73022511740641
38,40.63463452074998,11,41.55021307718384
26,84.46213911292313,49,34.044058970052404
28,11.026722828338446,47,26.329879897727018
46,19.082506545200605,1,46.29082920162014
37,2.6587771750343947,10,35.510282955440005
19,39.05417246682364,43,24.61050211855275
26,25.004960960818885,36,25.51429272864492
40,78.29153405012887,37,48.7335410569613
19,54.44467318779795,24,31.799436754941457
43,55.26816641781315,42,43.1172832450173
18,47.87196271931722,20,29.117695699744257
19,8.26653035062809,41,17.506608712108104
34,40.05168153528197,35,36.12925255011594
46,89.95546707376648,8,56.72029484437957
1,75.17063617614133,11,23.547731974045444
29,80.41131487504043,9,48.287034804190576
33,74.09037233218496,45,40.16424746015966
21,9.273752408788441,4,24.592914867114953
2,20.470342865831967,32,10.0
5,0.28094862207686644,4,12.575758881713108
14,27.315911239030033,15,26.597824909790894
26,9.774666211184332,36,27.566331266190435
9,42.55140107714247,36,19.123440168291502
8,60.94147397165117,28,22.30265593249195
32,78.70547655342693,17,42.06913487100064
31,67.42954485818083,28,39.163274440712016
47,84.47270362006547,5,55.095457155990324
5,4.8508461354409915,17,13.40040387045044
40,1.0961851874887296,31,36.24034939409356
35,59.52043024525914,41,39.503623746475924
1,26.04171692000216,46,10.0
28,22.81509144951958,30,27.48504306615953
3,29.779837892441485,10,12.676195620876376
0,24.281645210312774,25,11.217677655056008
18,46.02927656714285,27,28.52253959283883
25,39.61336025017192,26,34.930619593498456
24,46.11856962389907,18,37.450080763410966
9,60.544225035039254,44,21.251708809760878
14,34.84174580740335,26,24.692578715691987
21,22.617691842794112,19,27.003718835497967
50,14.958048312787092,2,47.69615220328845
47,31.452670757936296,15,46.865579295533344
20,66.76258277215548,38,31.36261765358594
21,68.10344191003226,43,31.66683962806168
35,60.02148480157893,28,45.61752438973029
33,21.062535777618713,14,35.64166386294818
29,52.927762126922794,29,40.01927566816464
24,51.36206954191632,39,29.42579504386985
44,43.583957829875295,48,36.65132663737569
27,49.49810877454778,0,37.873832857197506
0,44.26115693613013,28,12.980132585028205
48,50.89107294666974,29,46.441057459082
44,64.39553591590159,39,50.430407591918794
3,9.866537496309576,45,10.0
6,67.46631769341214,31,24.208835246746666
48,12.229753511483478,9,48.724339347005724
8,5.996519856933723,26,10.599475142385078
35,87.84717175993208,50,44.107559677087906
18,86.12925919833972,7,41.48126816906214
0,5.4392890446507645,50,10.0
9,39.89280973274659,35,19.69334092466024
35,16.762044446979726,41,32.980997064840146
8,43.68104074209763,34,19.583397781308978
44,74.71595186996286,35,49.59656382390512
45,85.55505972686012,47,49.999251123562715
41,57.08273881063836,35,42.67698738208977
31,31.851510049063535,24,35.66332963935658
31,54.299300908013855,19,38.394088480228035
5,28.08011754976053,44,14.907975956674068
47,81.88412767488543,16,60.0
37,78.33604167952532,22,45.953584144599105
16,50.24085752516949,24,29.124556536795115
9,29.23190238423245,47,19.214351868435166
49,26.405070802468053,48,40.67034735492156
26,3.0076195234553516,30,26.702807803169588
49,73.42387659227657,5,59.358636705022356
34,40.534489173510714,34,38.72786665929032
20,29.261963556023797,3,27.889584728669316
24,42.39993194979785,39,33.240356210406745
27,73.68641914091869,19,39.447942908709614
46,11.215278693676908,40,39.72434409026102
14,77.18903894176447,0,35.11133664181798
3,80.77579515975187,44,22.728465444505034
28,85.20371235304994,25,40.92390288592803
8,35.7739193180365,33,15.350056235550797
26,19.542636363390468,9,31.332588990731004
25,33.62767366200286,22,30.191029639865285
18,29.962088660826296,50,20.289836860222596
27,15.853852125257404,48,25.960407109930873
16,54.65400030913391,23,25.69144547989158
42,42.8961744457766,12,48.59300067100904
40,77.91308930916033,28,49.621643632645466
41,2.8898622433852426,45,34.053630739848884
49,57.94811347996137,26,53.04431916655442
19,68.66539906604051,30,33.6980750690656
44,68.35379122694764,42,45.77384365819192
39,79.74665703859726,9,54.228707597691525
38,65.61303685465447,30,45.7684356013974
48,83.50290554829267,38,53.650593735343534
22,29.93909398388023,9,29.787239054159826
46,45.28884750763888,23,48.532041726626026
31,1.2671696954601608,32,27.513891587421323
46,0.6261828572962091,13,41.56972075296299
32,21.61139584063679,34,34.929059401048676
45,9.072647742517674,44,34.64125664574718
4,23.419023114217826,33,14.034353639830515
42,15.933896507555765,16,39.97218129290357
47,2.5668022354783417,20,42.698449899588226
33,81.83737317654445,31,48.06877050856305
39,0.7400818250002372,2,37.54026137577653
10,66.24739299033769,14,29.39109391974835
49,13.693309822756488,7,48.42079163742366
2,82.100665979964,31,25.166611407653484
32,80.35163456308972,37,45.433868107564614
10,58.85110317323316,25,24.424052428010317
15,60.501073482054466,29,27.216449424242654
17,0.4805227772719689,8,18.523756082403366
29,88.63844095022418,31,42.98700619712765
47,79.0049343218233,10,57.03265167104644
9,80.55956031570828,21,28.97470883446736
17,59.332008334578475,33,29.800858577011624
37,31.030823578908286,40,37.142681912648285
18,80.42837841814327,17,36.004819120376254
35,26.23652353360731,18,37.74084651252326
12,50.64403890079826,17,27.632296386372236
45,8.975787510949417,36,36.297584771848086
2,82.97600671194752,17,27.31164237355007
9,12.6693411994092,11,15.961136945153182
37,20.240712515736654,3,42.376303225399354
0,50.23207423153935,46,13.478902436266454
26,68.76837001916834,42,35.781877547930605
45,55.74161753426691,26,45.16892096174809
7,20.892052152014056,50,12.89418869912653
50,0.08487382747413008,4,44.607088921475864
45,68.14355222766953,5,54.72700596154548
41,88.66865933199844,12,54.447573847696646
16,72.89218082754813,22,33.72882748552918
8,41.41859563409538,41,19.38466221080935
5,81.3390535259196,24,27.135857659353892
42,36.886290580651504,45,42.66139394228424
24,47.24406758191208,3,34.36021745278243
38,42.941679065611496,31,39.35263686270713
48,40.28614853989725,43,46.020637075876024
27,69.76716923645152,14,42.07699080644888
32,47.40920165425428,25,39.165231399103426
36,28.504540982269447,41,32.175849848335474
8,23.23423508926305,10,16.341822935910848
17,3.3972585270690048,8,21.00987828791768
20,52.48756456947414,10,29.418969016797153
1,20.696527386093077,1,15.211099649332857
42,13.332052981474478,44,35.316739064948294
37,58.84469674449099,26,41.94001536595576
39,61.30883320393939,25,44.70828134928481
35,67.69394030318993,7,47.208242637246606
49,45.32192067047323,20,47.377336603926786
42,80.46491446834979,20,51.2861828279918
36,84.2708478058405,7,50.47739018554383
14,72.66338458132405,0,33.73307452096617
27,57.20341338073685,37,34.24856065994213
17,27.33488582320698,12,28.285085477137187
33,88.4650429458199,8,51.49011718847245
21,24.67225504727445,27,24.298179425398146
10,18.239122979138795,5,17.823435200294064
12,39.79387024079245,46,18.63207345463758
3,5.115651364114962,22,12.27745062533651
21,88.06450182046117,47,31.008281281742946
6,52.959020077478236,35,19.70897750075426
42,50.12568824977577,16,46.40903030381378
23,59.02166519097479,8,39.101071059008675
3,44.7321282999486,11,21.358721312310323
27,2.8857165385087424,21,23.39086705446923
14,55.10801599563571,50,25.714908269006095
0,64.45564892607875,11,16.57360197070746
2,37.507415456164786,5,19.376037068846454
13,68.15660148640737,43,27.68542126500151
37,20.430116940457854,8,42.15635765218718
49,19.914893195956562,36,43.33766836861449
0,14.527528891881655,2,11.276643388307665
37,33.479528381024565,33,35.62917935310555
37,76.23108318501752,7,53.01667299648143
20,74.51208559341579,9,40.946640079629425
47,34.45417871671534,46,41.99388528136524
28,53.02068623822129,40,34.24851712485763
4,64.87346848274241,41,22.35130529842504
48,21.70860971652207,42,43.179858737983324
9,15.132697730527237,8,17.752981937948245
27,87.48863938910799,13,42.92840964143227
20,55.58015818886567,36,28.03344415452471
49,88.32741496502975,26,59.97219271885067
6,30.398038841900618,40,13.545602170908413
2,63.27285299767183,31,18.591332709405297
44,20.034327288711395,3,45.58067279008273
46,23.508015414652164,1,46.912806680962056
19,46.07119091426616,50,25.793118218287297
18,28.76563129572641,32,22.90505943745494
34,15.085940745652602,20,33.085965511142376
3,23.65926317903934,0,15.362972635636439
4,3.217355501927818,43,10.0
0,63.3981259329738,10,21.349731628241738
3,44.290499137727544,0,21.544410939544896
11,8.481875976407306,45,10.606902100598123
26,15.452459381564209,10,31.181906708192535
41,9.228108430137961,6,40.269780793596084
22,55.13335274482888,1,37.737278042244135
24,8.47893272512444,14,27.086065164333
20,67.88540997316944,7,37.099114305427975
23,1.8459827388352057,46,15.928898117675764
24,22.44382091963029,25,29.814270268508057
44,80.16000083027164,39,48.34108462588616
45,64.66781863100215,41,50.35771431265358
31,6.567149963311895,50,25.367816326822144
31,73.90134940366617,34,38.16683321229056
4,44.37316093861843,45,14.75236703871236
35,76.21047244519463,40,40.74162640203241
45,54.06657970053541,40,48.52928096221437
41,61.36497288295728,20,46.941519631064644
48,89.41514043561374,37,53.85065851677416
41,20.910199133161637,7,43.153736094389195
38,56.155101728524954,42,41.44632003364005
15,41.42892510516585,31,25.176119198491865
32,3.5506757630422294,7,31.832341435166025
48,1.302357735257853,43,39.72377796615114
20,10.73057200360728,9,23.99308813491564
8,58.41825664846933,22,20.831874272578844
5,51.0446779122053,3,21.07032782125424
50,49.80866050473547,47,48.78210825080924
44,2.8671086275434075,37,34.50782818631625
34,42.237269672400636,29,40.46422588696281
38,83.21605360582757,40,44.90185215415812
21,35.7832682379582,22,30.593094506060556
40,56.24302228096107,4,47.78250582671547
4,70.18368080608292,20,26.45180392185166
41,70.55327512276989,5,53.0719171270602
22,46.73520741557442,48,27.932051357152233
16,77.21567508621027,16,35.571935515300154
11,35.224028402737225,24,23.598113410712283
22,79.98238933063185,23,37.84487067036155
15,21.620444975599078,21,17.92009394210471
2,25.219476629151394,12,17.0439864321715
29,4.780856177910099,16,28.31368176054852
21,71.60236528880546,13,42.19027157729817
8,37.5349712609435,33,16.951610878207905
28,20.620495252025915,25,29.212507342733907
46,20.861124985492168,18,45.16111594356471
36,81.12599471063099,25,49.19836464638096
22,75.05249404149332,2,40.95574624343301
12,49.8177796821465,1,27.093704261402817
31,55.449972037414895,27,36.41960666965206
45,42.68930134952619,1,48.53368942300192
46,35.249988859092795,21,43.06668191438405
47,82.39291930964983,6,60.0
22,11.305143316827186,3,25.1617817462879
44,37.66021107446051,48,40.54393388705303
16,31.010571718908782,37,23.237013529870183
39,44.83356482260335,38,40.5771557952052
20,41.186868709065756,19,28.204701708208407
1,46.700057848597325,5,18.99283254980458
36,12.592707950429467,8,35.301362658185575
5,46.182735136194935,30,17.727633307889104
43,21.81769324984898,25,41.4946317908231
17,16.589821408937212,35,17.894589654187783
29,5.83507969075721,25,29.877897330377216
21,68.63873028805268,27,34.52311951217466
32,38.4697728770904,4,38.326978650555354
29,56.39793149805825,50,33.44831859119377
16,65.4834008974269,9,35.2815810152387
42,61.13849987821982,17,50.714517562507005
31,42.345064718071406,14,38.54895612471963
41,34.91086760565568,32,39.68123388832475
50,33.836391867659735,4,52.30376579580953
13,57.60439172370507,36,25.249197303778026
9,44.531491944768604,39,22.847636446299692
46,76.42190231896595,21,54.259290547945206
50,78.72317858940409,21,60.0
35,15.350434020586661,21,34.8097487183498
33,12.261028639115308,14,31.37851553552983
8,56.736083343239955,16,31.140651743536267
41,27.11031732560515,50,33.728146422029404
27,1.6713646888588973,44,18.680824784410653
10,79.97784024266596,27,24.796096404288097
13,20.421069051942744,21,25.513578081231582
38,83.63525865172282,20,54.575032610980266
46,64.56910057904282,41,49.25184352914742
18,68.63881409203358,16,34.79604686642536
14,18.13153462138444,4,23.32814991981808
27,21.077498305513164,17,27.024187317775247
23,46.914097844165916,16,36.00047466219018
7,15.488986738487595,3,20.20351720271395
42,27.488852341472906,6,41.53558434976304
8,28.931623015302403,24,18.43769079073593
46,14.366693992748768,36,39.52651034376481
32,18.466455005564466,39,29.8209730409626
32,70.96966578074309,39,39.3857384290097
18,15.047626909254154,42,19.08487914744769
2,2.561165265953024,8,10.0
9,56.64194483660446,18,27.056871557667947
39,87.8384807453205,50,47.312413553857006
46,29.809243316080924,8,45.5767587508383
41,10.679013287662706,22,37.4853765635376
0,51.33485928307777,30,15.484374065004419
28,81.57187899860816,31,40.897605832175806
49,70.5655601845631,30,55.26728955759339
33,56.02642815714444,16,41.35200381281803
50,28.355084694683946,47,42.478858333399884
12,48.769215594859794,38,19.733611692124228
0,8.212035717382983,21,10.0
33,61.10508818526029,34,42.711724261163376
28,65.25864170078857,29,38.05410929050197
47,86.85284606189269,50,51.76697115951096
46,23.43576228705645,39,39.5226807596348
12,1.6610777138720378,36,10.0
47,49.104761798443555,25,51.323856761898334
48,63.6111453957133,5,56.54163257959122
28,71.13667282946892,33,40.4165951465827
38,17.436503972232956,31,35.939439916400474
23,23.55775821333213,24,25.60083644936626
25,46.13318327405667,50,28.59295021658821
16,29.754072897300166,12,24.349735562293496
6,77.44603379287005,37,23.305486417150505
12,42.63841383648482,37,20.556224987342034
4,71.96207796918027,1,29.251968329947694
25,52.255778443411835,4,41.39458566099089
48,69.57811274554008,10,54.27107435883722
2,29.940568787729145,10,15.549694280894576
6,74.827495973728,23,26.149063338172816
48,24.711508399591942,13,44.63139588798118
38,49.148892720296175,44,39.935402949047756
0,19.26064018564868,29,10.205403171795453
48,42.7973869463574,39,46.15345481281887
16,28.635768855783283,46,21.281211102995098
42,24.00330875734928,43,37.751319198806115
24,87.02865162252337,34,33.37407045605149
2,14.406669493805756,20,10.0
14,70.85932537116557,4,36.23667958950861
28,88.57484635348935,37,42.80553339429926
42,1.7911335366070047,1,33.90589109282812
31,62.91246726378855,39,35.412173096619554
25,22.76206250006584,36,28.09605296246928
15,3.6439041895474,48,12.876471735199182
24,36.260062106096775,33,23.697527904496194
27,84.16960291537875,10,46.35270171745513
8,1.0588584930297917,35,12.009513448421329
0,52.90971227368035,10,17.42331757562452
28,45.12568307357919,8,39.915187886162464
21,78.60457479339428,5,38.088093609923696
15,7.560154306856309,33,15.816221215744491
40,61.33734268979853,46,42.396077725217395
50,61.209872858994956,36,48.05102941854507
43,60.21720151760549,31,48.31885583796797
50,84.81010454415333,11,60.0
40,74.07787761061924,44,45.29852023729199
6,3.777545361915541,31,11.71801581957281
13,42.39745656340619,16,21.997239368644696
28,35.81577505812001,3,37.68531588882394
18,27.913249898172186,41,22.683446301615106
18,40.62030526386876,32,24.54268534108728
1,34.577476643337974,42,12.143726263251105
40,38.91005098907988,47,36.968835371788515
44,88.13356790477782,42,54.33693538856395
14,7.976967727462268,8,21.249496924017674
2,83.00077828548568,33,23.777441026142363
10,43.221304212392404,38,19.019516503872733
45,56.1368020949587,50,46.777724077231085
29,74.71646699559244,29,43.300714469908684
39,32.441672623433,49,39.65211992565102
17,38.73797172791702,19,25.70702020456458
50,36.856663225084255,38,48.30840674988715
47,33.725792028218386,22,49.13603938681879
1,83.29763894822054,40,20.873439664354613
31,74.60369020737109,43,42.98159540454608
7,9.80999908766785,34,12.079729163773203
21,9.731101722938643,22,21.308912781982407
5,38.50825633676921,47,12.731720719286379
11,8.879163905952815,38,10.889003908673459
46,55.71837857440077,22,49.96586551403907
39,12.932244653556053,36,34.166081798241194
35,47.013593757012096,22,40.97949938121551
14,0.6497952303345977,38,16.95336328593157
27,28.493671357138204,27,30.51586765302612
48,60.94716513053899,18,52.555174404822644
44,43.56350462050636,48,41.91369051336268
17,88.04425373990892,47,28.75215172384302
1,78.66934164595897,29,23.450798885558633
12,32.31637011388361,20,21.561689072855867
44,4.093788732504714,23,38.32942126953939
14,76.10636701035169,20,31.61974352501635
19,82.01108792832042,25,36.206987785318084
28,73.85646540771332,50,34.247775992592025
41,11.515494682778836,49,33.65093782204578
28,89.81236209710589,50,38.85440783853037
2,23.272579939749644,35,10.874374255459488
18,65.1784421527533,25,29.8557636040933
2,81.72313887021494,32,23.901756854843754
13,21.21184028976385,35,18.13517870102872
39,81.74326992093594,3,50.60769545333949
3,27.853342127538028,8,18.363339551237036
10,87.87719001456506,7,32.49675548177179
30,25.313401834242715,1,35.195440468122435
42,85.80922422820517,28,53.95827875278235
31,4.8190185803407415,22,31.510563946345407
26,63.83448105028317,5,39.28514052049714
29,47.890002045330334,42,33.80097004336822
42,43.00893694104576,35,44.1157251091961
1,20.114488283025597,45,10.499420501267423
48,63.503621079884276,20,53.47807884942716
8,17.17285423016764,21,16.828043674984375
27,49.75576163862914,8,35.82326562310981
30,22.792082673622573,33,27.583810074277448
33,86.00592418032205,25,47.66098069008014
14,2.576807445208754,0,18.70150885006118
47,17.97554521001129,35,39.3963947782853
24,21.807954574870294,43,25.99443045270749
35,37.266104319103476,4,41.05832304825965
7,20.945721768304818,40,13.544284919291158
8,44.22141812419067,21,18.72779849054619
36,78.5218970932685,3,48.63223724609454
47,64.08570792682536,47,51.9283795455978
44,52.196578248159994,1,49.77330394758773
38,8.010286018441167,15,35.54547219352645
31,62.4592897550348,15,42.41658396194957
16,14.977285587984587,21,18.905535401886752
34,70.77306473655281,42,44.360212638702
36,22.505108265913787,0,39.71602760214614
18,37.53438554888108,14,27.534047849218947
43,31.542318208613512,23,45.09469021872847
28,77.29325232073711,3,46.43225035696891
6,11.389001284206731,17,17.861782021582677
27,50.90803941463098,16,35.80754329826727
8,12.7855448498756,6,21.64366397609634
27,63.4316252518968,49,35.52860557158354
5,81.45703150150331,44,26.5722131863295
28,39.11468884805281,9,38.04454559029916
16,43.92830342384783,0,28.7016987376786
15,83.4680552834486,1,35.37619274477245
22,46.889224978442144,48,23.969599556265212
30,43.88385942446048,21,32.60561562816831
2,52.049619243387376,31,15.935392318054705
20,62.03067627266567,28,34.74014525177726
25,9.619503757832824,34,23.327646431136376
35,73.89994749673644,16,45.527133727188826
41,39.195452470793334,11,46.28836304806214
36,6.511365890773698,23,31.32920684178889
21,70.75644022783918,29,38.182418281780066
41,33.925497451764485,43,38.511764513861614
11,9.033074558554855,29,17.017992179535042
41,57.04011355889255,19,46.85788790057087
12,79.21182180902775,41,28.141518646351837
10,79.89781584725877,6,34.33373482055622
15,86.18971273280759,41,32.04664340128699
7,78.09349137900192,49,26.15628697153663
39,0.19268274109277006,37,30.22196899061792
39,34.22170497720512,6,40.64628202933677
44,73.66883219149527,48,44.835113872639724
1,32.96277053986268,29,15.45248556522916
29,54.13936557417355,11,41.28105001327915
29,54.56852526370788,48,33.48242919411702
11,32.852277363494075,30,20.36796609667519
9,81.40265345531589,17,32.16941724217522
43,45.29055108475058,45,42.0276460024712
10,41.83057853437507,42,15.546010146569387
14,89.77623710957063,1,34.110636684649364
15,44.4150327665355,32,22.393673474948383
16,16.055842673572293,10,23.11557755355537
25,46.17624805770942,33,29.9020000058479
1,73.2615061967937,15,25.169275824895458
49,69.91742942084532,34,50.63628788209749
11,70.9723588597624,32,25.707545715259613
50,63.72214055981206,20,51.10172769367813
25,22.879604616001938,19,28.335537498906366
22,77.58756772562083,7,39.881756282754594
17,80.40991188386386,50,32.63749954500942
31,17.473742695669415,25,31.684717306810146
48,11.741007289625452,32,42.630002109661525
37,87.80444717302008,25,51.72111588345419
46,78.14915672853311,36,53.21438085545741
2,80.3912532488952,29,21.335027202902474
37,79.77387461619557,30,48.163982993325114
2,48.751814163035554,32,19.325971529248136
29,58.17615629992197,10,39.80534894041897
0,49.08265669202775,40,14.925833216831865
29,4.6085714271296165,4,31.679381952925443
44,67.09527768174954,1,53.331102233323165
31,45.47988300022922,12,40.870634744914014
27,58.29381673112068,17,37.2393800966097
20,45.237582447798175,25,30.20361962208348
45,44.263019009021036,24,46.27385591690673
12,15.461019852999014,43,15.12945991279852
26,25.084234362703405,13,33.13399354343728
35,14.29674227495602,4,32.86541126351475
6,17.609966606280818,41,12.805986883174317
21,87.56796423782744,1,43.47792947738301
9,13.780210119497859,3,17.456240317798695
38,24.234338187468687,11,39.73415706274168
14,53.15306919647264,10,26.97820203408094
14,54.916071861297766,3,28.735184157432577
3,13.857671676944616,42,10.0
31,71.43456832066911,8,50.03719249733105
22,70.66825811215425,9,39.51158000328032
5,21.358593378350196,26,12.175089901465233
23,25.979967240791442,5,32.097583672113785
19,84.41890789135472,14,39.24555864165463
36,74.31043013815302,41,40.458354638871384
19,62.80173297562715,30,30.728584585426667
11,7.400989935954048,21,15.745103511467994
32,37.64376728123182,5,39.41491565604394
27,50.33716848691443,32,34.10440357902195
7,16.867015918539924,28,14.368937082640933
0,40.34039238974021,20,13.197788481170704
36,54.0923289739821,29,41.01820579813157
21,29.46390121038593,20,27.061205568277533
5,70.28503370554384,35,24.62693115599089
20,75.64046234749249,21,34.58309408866478
31,29.124852249066368,45,30.285997908617336
34,75.47914390432115,19,45.3338259534084
14,9.321890949271353,21,21.689129523747603
4,75.39561887603907,39,23.35945506309257
45,13.747538850085494,10,40.8821123877539
49,7.463443725875344,46,39.68758206028059
47,57.75978639969101,30,47.92871561611207
5,42.47436291797649,50,15.016018995656271
24,81.71015403715495,39,40.02409046198696
45,32.68702764817643,12,42.324765887486166
39,25.84370370938658,17,37.90231333871402
28,45.066141552977854,21,35.77491434171765
6,41.03515671917952,16,19.215019474499265
39,30.998524159546943,37,38.377589434067346
12,62.43671688284957,24,27.1206804268191
37,68.36056505225174,31,41.560537215345704
17,76.7685572127123,14,36.39767343058474
1,87.55709442393086,12,23.741761718629537
7,23.999057291925403,25,16.360849604152506
10,64.44841342409654,49,21.63067928313213
32,35.48324119461707,10,42.79878889539788
37,60.937377475599725,12,46.0457017516944
47,42.83835213142983,32,47.369669609825415
26,89.43957924911385,49,39.84585370118665
19,65.6011922211675,36,31.695481505241222
11,85.72421703908921,37,29.241481140141012
42,75.14725945330672,0,52.44830191424492
30,81.2610910047034,38,41.32859963626913
26,73.29772774932074,26,35.227774053906984
31,41.32432173383202,35,35.689980357097134
9,22.660960801219595,31,22.023172969085145
2,33.328815790547,40,12.41914422656975
44,1.8212609375955402,14,39.74326821449312
26,47.15938507182005,30,30.028062138099138
34,45.455202024336785,5,40.50912088129363
30,47.27254183474394,24,38.64418174323792
14,87.66281024748575,48,27.238003303100708
15,82.03086031093554,17,32.90020974529522
12,14.554150049709719,21,19.296570734617024
48,33.19942694003003,30,47.35811405391612
34,38.15605615169357,35,35.96308283866288
10,32.4479626066483,8,22.534988658819376
20,71.86463672435218,45,31.86366687742407
50,47.16339028808282,2,51.66593909419631
10,51.48898352744625,32,22.351128701044452
29,76.7712203089133,26,42.23803165105947
47,72.53353380738227,42,50.92989661300015
34,11.899037053826971,0,32.32868337522498
21,64.25231256752708,43,34.17175458354716
37,39.1892516011832,8,40.35110494754242
30,26.518401275625042,4,35.84793677207657
13,4.501693881196771,14,18.543920221112703
23,43.852460431090584,49,26.61084898511176
49,31.989301265207825,8,49.98687783115188
48,22.636173570876075,44,39.97669579022448
31,62.52045566372618,27,44.44828807383135
35,69.25368485840283,12,46.02972146511729
31,22.031056712648233,23,34.45423055546547
14,4.450269301141253,44,11.90479687137223
42,76.38774305087115,9,54.77010443392301
34,0.8963767083872987,41,26.394862614074544
2,84.34012445293249,21,22.331732722492944
15,56.48578865844353,38,23.96699096638883
4,28.966197168118825,21,13.747418808205984
20,22.18301186190626,36,23.2595087668118
9,0.8105097838027719,38,16.51368172494988
18,21.192427530978943,19,29.459836916073073
24,12.3955471365427,9,27.285405151487137
3,55.094959865083105,9,23.68783114648267
28,14.989102973442117,25,26.340266450325338
18,47.576685378295736,24,24.307212400438186
42,53.11047801100237,27,46.03326619460598
1,26.823752851222306,12,15.357330004062423
9,3.1558454116846835,14,16.397681450427754
42,3.3528492552776488,5,41.47996621800864
24,2.3712598974525845,11,24.96336105029106
19,66.52122004228916,18,34.04832688043008
47,28.62087343328683,31,45.61665222601815
18,71.66701673708972,10,37.82034020451237
22,38.85595414585642,37,25.806923529646568
23,40.769829074696744,32,29.875320636523607
10,46.15943422586164,1,27.380992624072892
45,64.17283107375935,14,52.52967138656674
33,24.615257924673635,35,31.528964636050613
27,10.942861458017422,4,30.494757694953854
4,50.045160167231536,14,21.76849184149356
4,29.427986091846535,42,10.86429356033663
50,39.824218230123364,9,49.22036596742541
20,58.22520375035749,16,37.36412639380339
11,44.471316702714354,33,22.01932286114873
49,55.82509353907586,23,53.89171933386383
3,48.9780001902265,9,20.96459253350186
48,66.58167347424893,29,54.66696950692374
41,63.5342955940458,2,51.265216044759114
19,48.07709026277573,50,26.589644949866422
37,61.10127187737362,36,40.50119366136289
24,78.62036420453515,2,38.693830670468564
13,38.90441590093517,39,20.07792749787892
10,37.14867654739143,4,20.97814756798445
31,68.78210587671421,27,37.17245765364623
10,52.42984533377946,43,21.639464430238995
17,6.390610220032969,13,17.689399241333305
26,80.29008141219732,38,40.45700759300093
17,2.7704792013876123,10,23.83646697388936
22,67.35567205887688,7,34.935154954250464
10,68.29147284338816,36,25.835625801769556
20,85.77999767537374,7,43.82186782579764
43,4.872096756208868,11,38.48046047564702
4,53.71711747060419,14,22.665116405872496
22,38.50565135643477,18,35.18693728741569
40,29.756965937358782,47,33.547095432472894
24,8.128670426916573,45,19.637165855363573
40,50.638870770417824,27,45.20595635284637
9,43.11366531071523,6,28.367610305260705
21,9.409901233592183,39,19.3095465798225
18,55.1240556387375,6,37.59627484663129
0,66.41578082276446,29,19.19706845934538
6,69.05504709482834,17,21.526498091364047
3,81.48358694361846,23,28.12768064086941
0,36.85236676998995,5,15.693225644777993
14,85.77654917599233,50,30.352360392382543
39,77.88864645744175,3,49.109389916421804
11,26.685141392154513,2,21.23052510911282
21,14.335473361451264,48,17.3733508258089
21,39.18504565152121,50,21.831022004882822
49,36.170883716037,46,44.83025593911423
46,51.814737479808386,5,52.94650243359276
16,52.50476090949732,25,26.857435885875354
28,67.49882859419778,43,33.77545813921713
45,45.89009533850491,50,40.62580772028853
13,9.4340376846689,37,16.18006681299986
49,77.24622019977954,10,58.47062518104968
19,27.878812486666835,28,25.451911843906135
49,87.41677142759329,19,60.0
47,10.607409781179314,9,44.82218105059827
32,86.2426055009253,25,46.71657989621005
42,8.191062619426528,47,38.72564545427481
14,20.79325241523535,26,19.509081611446934
11,4.192194787788743,49,15.955789719034154
39,63.460183197509544,13,50.88980401981404
19,76.52688629146127,35,32.759526440378266
29,39.066397363438234,11,38.072957155030615
37,83.56698675381867,22,48.88299562912704
2,53.12691645800396,20,16.152592473310513
27,56.70064219018709,7,39.174049927794194
25,76.08772815306929,38,34.08329297129683
29,26.7120184546655,8,34.90833319442293
12,31.883914919486323,23,22.927742662281368
12,81.53567272751799,30,29.77332155591467
1,81.08671464348875,24,23.779257830808646
36,87.88344985807838,16,50.80547326818945
48,81.1654484797504,41,55.37178887053328
37,11.46348324300248,28,34.171647692328875
1,74.13518575232887,2,24.59758453538873
35,36.885463029863466,20,40.47497339676947
25,89.17212203513441,7,44.601540778485564
10,42.5052867895921,13,19.279943700853764
7,49.84524742519986,38,18.468476406251934
43,47.67974237311187,15,46.3516059207101
39,28.956332687245002,17,40.836185018244095
42,6.751988000362635,30,36.33037889500074
21,80.60861073617266,10,35.42100416144728
19,72.24082312736581,37,29.2147212485659
7,12.557410250370234,19,12.655761056462339
28,69.90914442150655,45,36.9607390507573
39,56.3261999445549,44,44.112923644814174
25,36.822940912586006,3,31.20730072077201
29,22.861903418600644,19,30.67815078124504
16,77.37559051520093,30,32.078169747619235
19,63.01694333646477,19,31.190590669281047
15,49.29659185222232,10,29.034078995550388
45,54.86116805086177,49,46.40278350719915
42,8.195956387396288,0,39.52556902611406
6,42.65277848200727,43,16.935722640756445
15,17.43302635071318,17,21.20756686355952
44,18.754531110794282,38,36.552702316965245
46,59.517356605818,43,47.3717080761502
47,82.01305366508593,32,55.41594267839711
26,36.33809494305119,35,33.045104998135926
22,18.697434571097133,17,29.877974400014594
23,58.38722435129888,46,29.74207541410846
8,78.4068341715286,30,25.52547467141773
34,67.34869210102417,34,42.25051867376192
50,78.18815074829284,38,53.852236174849814
19,48.28992039097194,37,29.8340490826284
36,67.66886199322718,14,46.835153876365254
41,12.605810342304283,46,34.43164908961268
16,31.344715382687234,5,28.005558637544574
46,35.059424803337016,7,48.48155731301382
30,46.01661716214311,39,34.963812728536894
7,83.61687242311413,21,28.999756433762318
14,78.68669041999568,0,35.248062094424
30,12.107294306026608,12,29.81658213888231
29,15.551068669421689,23,33.478257764291776
45,32.18764946300202,20,43.1260624703658
19,26.166947930160653,44,25.241850622592032
38,55.329385784063604,42,42.048762402341524
11,81.24984429880904,3,32.29680090066439
48,86.60623875053281,6,60.0
16,58.82426572817038,11,32.88668531944161
41,75.4343281260978,12,55.42326888805692
29,47.26819802077174,43,30.672350068513374
28,18.749425217403576,15,30.81987884601777
18,47.221957088412964,5,34.04881103198034
45,49.957434129388595,13,51.03459252918488
10,66.82118077922009,50,23.83627117017567
33,19.78946907366142,47,32.96486911702955
49,33.147934387805854,30,46.069705566792884
6,32.762472229310966,35,10.706424824956194
43,86.34956361670484,36,51.2368971217913
33,39.9550464294047,40,39.11452217763951
19,67.95845705683318,34,32.38864332518042
49,67.57302432369951,9,54.77974385387765
37,23.898976632291724,16,40.94805426261277
23,51.46827204345589,50,30.583380216241558
9,80.48726039867833,41,26.541475581467985
31,42.76779475112545,29,37.073823028752614
14,85.06057566082914,43,28.32760533171838
36,19.301240639174544,6,37.436051339251
19,6.674319519662766,17,21.95500144738994
2,80.23084858302744,18,26.944514311306122
36,76.2913078165995,14,47.26076800859966
39,89.33308883404602,38,49.41511835931004
7,61.145413930118345,43,23.561065773019724
39,84.30191340004346,21,56.059036615128036
43,74.42541225756997,38,47.54380499747676
22,75.99836998080782,41,34.72958917557062
39,51.22274134088414,29,40.17864243962052
10,34.41281381250398,19,21.003560904877155
45,84.11022652889537,31,53.091836405148555
7,38.8905458054305,41,19.03017509799761
28,48.493743052470215,24,33.352937339010595
29,40.1502876412669,22,32.4100914559415
9,50.83364825641774,4,28.908599108454993
38,42.34545710930945,49,36.45282700240108
27,4.317080272152829,40,24.158278337567037
48,79.38433674069287,29,55.716956482635865
35,39.99544370241928,47,33.874457496020675
12,53.004928365661385,38,21.728483770761528
31,12.526902248218834,26,32.55919981905021
35,0.30490631843752225,41,29.765125441378164
36,22.076108427927867,36,34.183846766068655
25,63.412742892001525,6,39.00896492875182
21,8.927507710159073,4,26.518723311736398
3,81.79986963478211,14,27.124372350796666
30,19.35203124205661,50,29.89269729284613
17,18.413425286259823,41,19.39097283412968
37,16.335716545934595,7,39.00310480558725
23,1.2583541674228271,8,26.588028423841923
22,69.46249216304112,10,39.26404881268497
21,78.75310781207327,21,40.200060733137114
1,55.2746432354579,33,16.77975108979577
30,16.937998351187606,34,28.15586520628789
10,25.675019724679178,12,19.619077898477467
27,42.833402762846696,10,37.24833392075928
45,85.89113564609707,31,53.81202444509235
31,22.26162346359685,41,34.57591993770707
4,65.84813135278992,14,23.894804137048425
37,39.55034009636283,37,36.35016139764252
9,26.80626135240196,0,22.30665560510635
39,41.03243433199024,45,41.83411129191011
45,6.4086045787109285,49,33.80020129629291
23,71.88186338373262,23,35.33712974654444
34,21.897173518467042,42,31.50580396276327
43,65.28709108736734,39,46.015597099808424
47,6.151353430337525,21,38.27983449224333
22,85.95887005491174,2,39.210132334503065
16,17.371348686512874,13,23.1891269449031
0,79.44678685863724,1,27.169443585756586
30,72.8525888653891,31,39.5181893287506
30,87.10739316732743,47,41.23044124746885
41,43.01015948511746,37,42.12195575119449
41,65.46575644613564,32,44.78268315246798
33,33.36395913340056,45,34.74051322070943
8,16.593141421772444,41,13.192428955189628
21,39.876833964010395,5,32.97431981210355
12,14.917411384960939,40,16.74341960658785
24,88.38401605077455,38,43.628329206264745
47,8.662184202664474,24,38.98324074754133
17,53.02905511073584,33,25.770274536423585
50,56.38174697286503,10,58.14219912369275
11,48.42715885866488,45,21.939887934952313
39,59.59672971406502,36,43.95740038979457
16,10.456269751070185,40,16.33508088981925
14,49.9516671784762,6,28.426560624861217
41,25.84913140146254,45,36.69486500991854
14,84.6158456970951,47,26.683212661893727
14,68.58644880957532,21,32.3136871557187
38,87.52630339437684,47,43.033946028313615
12,3.380046276617059,38,11.677886663070927
16,25.661985766263783,9,24.11884849738679
31,17.588032797451408,20,36.504575335195504
8,1.003912858064745,5,14.849188234309677
39,21.80931572216893,48,35.09478814205235
19,61.0898385168386,0,33.76298868189784
25,20.79800299211117,33,28.447058624118633
26,45.81031009343564,13,41.315824475678674
20,79.90363034684988,35,35.713728228581076
17,62.43821283141677,26,29.816633466661838
12,35.516616291542874,8,20.239844283357545
15,33.52220450208975,5,27.84182537093315
8,41.016223260763624,30,17.3313517062249
11,15.933729695391573,16,16.97519393315426
43,57.06006906743893,42,47.07543531430867
37,32.77375371941449,35,36.257491394843996
18,76.71288143358393,20,34.75429123830196
6,68.08973940520346,26,25.417520569257675
34,54.94618476829441,40,37.3771092256925
47,32.77820003845645,27,42.82772493869945
17,18.893864850613596,15,24.35738014108797
15,69.85366776950606,34,30.87943421994327
38,43.776818909197786,35,38.95023408898188
3,20.227503435962177,34,10.0
24,17.56571535360056,44,21.51295238878398
31,14.886081405122312,18,33.40419819110349
39,69.94450765850355,20,52.126697700807384
12,20.608846677028055,32,19.58485950711211
44,47.39780371726778,22,46.797186857718934
16,40.63917248757508,5,30.010745256147086
48,52.16498093054555,31,47.7193805988768
36,78.94394103340748,21,48.57559545674216
5,78.09726510735575,2,26.648918904677096
18,40.596846464237366,34,25.374998577309878
12,1.3829625661250977,15,18.577979369284737
25,38.379942514287286,41,30.650064646940827
13,54.557418368172634,24,27.548434097133242
30,50.19882831882556,16,39.472319325669574
3,58.6202495220185,38,16.651805315623037
38,13.866815922577514,12,37.85832453063568
7,58.18815889026593,27,24.054182884278262
24,16.438645686939502,10,28.101420239958017
12,67.54715826270741,9,30.150268030000632
31,30.5178851936412,38,31.163126372557414
37,63.89058900433082,23,44.658219615473
37,4.307903901549638,37,29.664934089426517
27,36.70740230318221,23,32.83962389994872
29,63.45310700369995,32,37.55007007707745
2,20.41834646983447,16,10.135177986269962
27,71.57583403175003,43,41.96705146076436
2,56.77017597944388,35,15.42917888560326
44,52.88055949348185,34,46.00672416439505
33,31.819396878390343,5,38.83621518091305
15,43.420632334300585,15,25.864391232669423
21,53.76143708800678,44,28.672851760016844
31,42.52159025234014,27,34.51722847088442
37,62.84819915465041,40,43.92399846253719
7,39.03272397962636,31,18.012067688255083
7,18.20458635678273,25,16.227703788051237
5,19.25404045209425,10,18.7905994338047
13,0.5223391958646983,24,15.042010351228738
31,27.086194400280522,30,34.164136773329446
34,67.40258764306677,20,47.35320782305209
9,71.47464379538486,44,23.74799334322804
2,18.2220787886175,50,10.0
11,86.3139597184267,2,33.7322283761837
48,45.2162514132114,11,53.387674352850034
30,82.52808741166524,50,39.00602093311846
28,63.6088753675468,39,37.877901865930845
4,65.01900807201717,45,21.04403740957671
24,7.653925917546402,40,19.972830983088343
40,19.79920142072376,24,37.02642050066155
30,0.7933349965025371,16,27.344305921180602
20,64.45148764290637,37,33.500163294583
19,30.9994459585659,35,21.899193919410294
38,70.79872644687121,35,46.16112375119717
21,30.504259794332363,18,29.553807389367766
3,73.7400377068975,43,20.736785507710334
12,11.76284283734817,1,23.152034582785777
44,15.603584108175738,16,37.671529064371214
41,30.678888562554285,29,41.70160880965659
49,36.763864999404596,46,44.38926665282934
48,31.383252975868054,9,45.51639483948749
19,68.72823292708979,34,29.783450889543573
12,8.725625336404324,35,18.025327948498045
16,31.609531767463924,32,23.986349090463783
35,75.35159995639134,0,51.174135825534535
32,6.011736953595479,17,32.970276277279694
0,84.81091569042216,3,23.79853483697796
14,88.76851580448115,46,31.145159944535628
12,7.971135644257208,26,18.29106441659349
16,26.214527003016325,24,22.037700306557333
23,33.51605994318206,27,31.478104836386724
7,69.87522317874534,21,24.499831555217504
49,53.633413090506046,41,49.12620500077875
26,57.99291304433106,24,36.99365066626032
44,68.17588405366554,16,53.544373658597095
22,10.618109949332315,43,20.498149068399282
45,74.98885112192362,11,56.87199446181755
7,63.50578237621296,15,26.207185426774387
7,51.96075526767333,36,16.614563819375004
25,80.0761801304751,15,44.93838129415283
46,63.02757184954264,16,50.48978357905116
12,18.152996636792288,30,21.36860043796382
38,38.67708429681001,14,41.920045976977576
36,44.463858024215995,12,41.60495462048123
48,4.969586407536508,39,39.542393634010274
27,85.91737620240502,26,40.786248732858276
24,11.571953471719063,20,22.34256014836285
15,62.771514050405415,1,32.68568541691954
1,45.560793248179216,7,19.51226427032604
17,2.306902489598033,41,19.28692040569383
16,83.22727282779255,6,34.56273386372591
29,76.66531279370399,9,45.44350905804558
38,47.183213511345194,3,45.37884243752873
12,20.604810252550074,42,16.287045528772918
31,10.946060161208482,40,29.833301806446773
49,32.705323148891395,35,44.56821895247095
28,22.988545294148146,34,29.432761009154127
45,45.60220809056688,42,46.50031719451699
29,86.97683665110861,2,49.45456810260148
17,51.745814390667725,17,27.25859250985431
12,80.09379503010881,50,25.69288300055279
42,58.57909537461995,45,44.078366351307906
20,42.77218739284804,42,27.88231462761726
29,76.91468064600342,23,41.730530503481965
20,42.423129915569774,31,28.000101827623716
47,78.17653534593249,33,56.08592544698153
16,26.241909261818876,1,25.62106347678504
39,11.59317663866893,1,42.414952842362716
18,76.97830179266445,9,33.434793025861225
14,52.86736474134001,22,26.287970072360956
8,80.01831584240641,14,26.773374163789377
9,84.40444862931449,11,31.764286852314505
43,4.826555133430426,42,36.2672942702421
30,45.08723716729815,16,37.29501422227476
22,33.746809416707634,17,28.65050106604201
29,56.32725573631054,13,36.896212052718774
32,71.42320774820912,16,47.647311371955006
8,25.253119437693204,14,18.50580015995089
46,50.11185459358545,11,49.668084883535926
0,63.78557219144096,15,23.63217926538381
43,12.098797455216062,31,37.16566878029984
34,73.26602153561402,22,43.33247965225646
10,54.549863986767576,37,20.939411686800298
33,85.45836934022866,33,43.52719395687859
15,30.557602721762393,33,19.529464210923457
8,9.73313481034788,15,13.909753876525556
31,45.58510809332328,33,40.6969228860894
14,7.722969453849497,39,13.194947960154952
11,87.25738709916061,6,31.2671735052055
32,3.4816462431472384,32,28.852388183787316
44,67.81535109965772,3,53.761137461802264
13,47.259215832801964,42,23.57192507970205
7,33.17585872484598,6,19.527003104521306
7,5.925794805778919,17,11.798132186547008
26,55.995023175624695,3,42.29644417009023
11,52.66982964518597,48,17.810586759926252
0,25.279494576083977,10,14.277096713742747
42,81.91995312692809,42,50.864596481569485
39,27.36990066085532,19,41.567384377200696
41,40.475286953289555,10,44.68829485438341
50,48.93862103267901,14,50.19128042695496
10,9.020869035865749,45,15.053201865958705
38,83.89455472922691,16,50.087822439111285
42,33.7082537205937,33,44.25164670628127
30,7.2701292486909255,49,25.840173742880342
16,34.8562056307797,47,20.15339310261078
32,54.01822923833226,11,42.34053194223325
31,46.228740463919664,41,37.09735200689977
28,62.508777663354664,27,38.215932033652024
20,4.9935547861119565,47,16.47354607210749
20,25.60865492448505,34,20.446624996608364
39,73.7307519156092,7,50.14763663732729
22,7.190431901222477,26,24.55336754201548
5,76.99373592263618,21,23.728079484054362
21,8.270648286939563,23,24.26645378658024
49,75.10087934025266,1,59.226574019491
37,32.4709560970854,30,39.38518189457073
36,55.09881569314942,21,38.39129933781614
44,13.759840408319835,0,40.71129781613302
50,5.955184955266276,13,43.31584032537406
7,19.43443836181216,24,18.919433824898768
40,11.5068436117826,35,33.542832399773594
48,28.11653079116686,35,43.71973954495603
34,46.294492185991814,40,41.36035981419046
50,52.98835172085086,2,56.154944549692694
10,71.08812966417686,4,32.33688612156125
23,59.06159039235228,0,36.6276686434716
48,54.788249261659764,18,54.215623333601215
20,37.06038247371972,32,29.27486636577406
50,42.64275914641248,41,48.38174832472763
1,37.306874645116295,29,13.639421045774416
39,75.79494270552448,11,51.92784305023606
18,20.700040729355987,9,22.138636436673902
38,0.5148838387768162,33,33.93024456973847
27,58.61879075036153,15,36.67551474367115
16,18.221596527494825,39,18.437122918471825
5,80.11036226788283,45,25.407182194708316
18,77.31416967359904,28,36.05795843557315
37,6.90546347353853,14,31.938837259015205
27,9.574956487266961,47,21.870334252825916
1,44.56544330219997,10,19.393315362023618
37,54.83003964924192,43,36.937192998356146
36,24.74175037340167,33,38.03704253913536
50,64.51179450294336,35,52.88820905419531
3,53.54244188269844,29,21.284323524123398
21,29.234169877369922,34,23.957060257977787
25,2.2834339238084036,8,25.444343489576607
48,67.51352531686659,17,56.62101105881706
42,19.327829924257443,18,39.972820633456266
35,75.10263691163655,38,41.338684412693
12,37.82612340488296,3,26.638168636720103
31,51.936969836858886,5,38.15264840964857
16,78.56538573681017,50,32.29734567277962
40,77.7260700827958,32,49.11363090186145
35,33.436761771921596,31,34.75803938729204
45,18.80000034433588,15,45.300376182830306
18,69.76314699557352,10,37.37820018275245
34,38.9772183241918,21,38.452908483421105
45,17.283779420310367,35,44.25757333144786
39,81.39828080854352,49,50.73434575367155
27,17.829377481697865,22,29.812572808946268
0,2.322645137210797,25,10.0
41,1.825197639067797,30,37.18264997671389
17,56.008382080883784,28,26.631829511829284
47,59.55075546457773,4,54.783583622027585
39,27.99375345512855,37,35.9850789359128
32,28.800989032235705,24,32.91439469239849
11,30.554452355394847,33,19.1041041002179
7,61.21426920829908,11,25.88633636256502
23,5.232041192414573,21,20.772389031299713
15,83.62047174221931,8,36.711524896951296
49,20.02689397597018,19,44.95348320651132
3,89.9705884717883,28,28.689955523541194
37,15.43704244084683,43,34.86282967538129
43,69.43918115811397,28,48.0758192597304
26,20.10712904366625,44,28.246882551010344
8,7.276212147892858,26,14.227153114465521
46,78.7439991915584,16,55.112237866015285
15,77.28761332718027,4,34.333164694423395
11,36.32133532046412,44,16.06897426636195
30,63.21565282863841,12,39.40713488461498
23,50.135933941552544,41,26.322928909162247
13,76.76605023063739,14,32.39497350517041
44,28.3550372386789,14,40.25089754712272
24,47.13051599990867,17,31.943071377963957
33,43.68351340840954,49,35.80040173034121
2,31.851524363117285,1,20.606834516398493
23,80.2309558100735,22,36.54936181274165
41,14.929013219628192,42,36.60501809822842
8,13.455777556862653,12,15.871785678819961
25,51.921858179047625,42,30.5519593730966
19,59.17448069864478,3,34.99423027987785
39,17.515732889210867,46,32.593453871932624
9,35.16456980291617,24,19.564563262970164
18,85.19074586808694,10,38.280021249772965
2,22.19556804216066,49,10.810275962241477
23,60.15246319056546,47,33.835484447050746
4,66.61344543278317,41,18.775596782773334
2,40.331582951864355,11,17.27643613513081
26,84.37733880836247,12,44.883889825011785
15,66.29910616969114,8,32.197894186116415
48,41.213212187480806,44,46.671302242467426
14,51.24016815984846,37,26.302433043577835
34,62.33520990825906,5,47.5554116893751
11,53.29711623862964,42,22.234976750768325
40,79.08278254434683,50,43.98959865121517
43,32.119979605236104,42,39.888163801711684
25,26.989716605022444,9,30.533374991671813
46,19.24550005457379,22,44.303377906888635
33,3.400467125813562,14,34.731034268549195
22,3.8712567942049803,44,22.681518816105125
30,78.30496737983545,22,45.132043884569036
49,61.055383176531656,39,48.79151322193193
19,59.44791738928375,36,32.59589317592569
11,55.31785370413974,33,24.666616537472812
22,76.42972302246943,15,36.786388551745894
3,43.22402330990647,44,15.868659769174768
22,78.33697457024702,50,33.12529754871305
47,32.35005235640153,40,39.47094176900559
47,83.40367539051815,46,50.72015997662789
0,62.87912820731161,31,17.7951785969035
24,23.145942242198455,37,25.669669350527787
1,50.76764295197626,39,12.873621455331229
29,47.972750533943,45,34.646695545871516
2,12.410893955730057,4,14.321711915124467
20,53.21186151755527,16,29.370847063723104
24,28.330706134526217,21,34.58292115836186
19,4.711389012864219,38,16.113101835796037
48,85.37905419359083,40,53.76031844474022
21,57.7341332157859,47,29.947634839109412
20,78.92270386837623,17,36.32543707084789
32,60.84504045119278,27,43.42756095310949
37,32.12853229261017,12,40.17512787626673
14,46.14192650959303,49,19.834948429820162
45,60.81720843124594,41,48.74248177759968
14,86.42270926812938,0,31.285721452306102
45,22.830251320952684,49,39.783688286716135
24,78.7479352761706,18,42.42943675710138
20,83.16700247648424,33,31.070056067823312
23,60.33739631930609,3,36.90947394267471
4,83.8139964661204,42,19.970443205789753
5,35.80907287296316,2,20.388071810948038
48,85.77145584363984,40,59.241331914720995
42,63.25045894493774,9,51.15863769724105
47,3.780519067693071,27,39.16891072090355
43,81.61855486371475,33,45.82496439508366
46,43.602552812987334,38,43.00826569541046
22,41.429428630004956,46,26.519847894452276
3,50.981994538167086,18,19.782715432327933
26,13.444609209410514,41,25.42515240129429
17,42.224944371065874,45,25.131178266579415
20,74.80144950459712,35,31.898953229601386
27,1.3934213223763803,42,22.958863988695718
34,24.562544429193416,2,37.41989393141404
21,0.2209127799459798,22,19.567495276124163
39,37.41401782348635,16,40.63908512400112
22,65.54839594443612,6,38.69141607931106
2,71.88946462031657,25,16.899439077733668
39,85.06707850143059,42,44.303275534840004
49,54.76541516737078,17,59.03746332150082
9,22.916417998760593,45,12.804271326213058
24,83.1733154223029,45,39.62239176565299
48,69.77841784923385,5,56.676365481728396
7,51.698563470283005,30,19.616566381970692
10,62.60761941470424,28,26.635920448620293
4,83.18847195066863,8,28.398880162094994
44,64.11546256256295,34,48.164944527858076
36,33.15370568262606,16,39.34275378792015
44,64.1725382060187,11,52.77257465113868
37,3.625034646184908,35,29.998592009574462
28,34.77740056475231,47,28.54175908297617
4,36.56907286610213,23,14.708743186225467
8,15.01544109787512,9,14.838176856701413
47,2.077693249659316,29,42.66570533968633
1,12.004311297396853,28,10.0
0,58.915934621734955,38,18.080377143227675
39,72.20599347273188,9,49.67954053676027
50,88.93831434542767,38,58.168615261123804
29,31.172715279764486,27,32.48070914769296
10,53.944130003499154,17,21.65626738684692
27,84.34304701336097,40,39.82650444463076
43,15.033760320433736,49,36.968201985770186
11,64.58810277084685,16,26.307656821281608
38,67.94808598342469,10,53.33304670130981
25,8.007798228240453,0,30.725941140985817
12,77.51244466647586,16,33.1444278211147
7,73.17945423997595,35,26.140234242397707
27,3.0062705919691,35,19.583176483815883
29,8.197597339204632,45,26.59924802146973
8,4.421420450266709,8,19.836442125708675
38,30.1269178619426,44,37.544211120832145
30,45.83600916119335,27,35.591610878344476
20,47.91129551591659,47,24.301621641691415
46,24.090008379249838,32,39.794293178412964
33,82.04371979042467,2,46.544874123234194
30,33.14365108847219,50,29.327867814393645
24,4.099514036881725,7,24.433634343367952
11,27.02044003872477,49,15.450140340036379
0,47.799848028974,5,19.21784698464791
21,36.73996403294088,5,27.858307198892774
39,24.645826718933325,28,36.49898576700074
36,11.819092478788567,36,31.00571904279544
46,73.72480500866068,11,54.08043653098526
0,89.65307179117727,8,26.766444513889713
0,29.658792017149384,40,10.181322930215167
41,34.345893975894356,48,37.52059623591395
41,55.62337722092614,18,45.7797563818168
20,64.65973272619871,16,34.49071949339194
14,35.28265813232321,47,22.691124922804587
16,81.44365652836338,43,28.127819431969968
21,50.40035903060265,31,32.39344346662198
37,40.53510687653379,34,35.639692785866096
34,58.20054778439146,13,44.21377737723383
44,85.75234634242558,48,52.84969485842547
15,71.50970649795349,15,29.904932594322194
7,3.6011817481611907,20,13.321757065852514
46,29.907891966596367,11,44.43907933355724
16,42.349021645610044,23,28.56043578032504
16,28.306581498819472,33,18.711153357734602
25,63.016880474741086,7,37.268429924620555
12,74.36422348763229,43,27.08560436736319
16,65.82105856667444,20,32.78715928810085
37,89.03999581454477,47,46.84343296778669
16,24.529288310372618,7,26.046138959009824
47,78.74905455219793,27,53.501377628883674
13,68.99603986570375,15,28.46699484094705
44,32.59608818023315,9,48.898443003339466
5,66.07120892912718,14,25.61177149280519
34,9.366836077642226,3,34.24789722438265
45,71.0400134106497,25,48.650498011964316
13,47.909754232839234,14,29.02829708200534
46,26.306115543832785,35,44.73993183977282
7,59.01995716057621,31,21.619062526042512
14,57.74579988429681,42,23.727934394124482
26,18.853760044763973,37,25.9021592715008
12,2.7357673330373524,3,18.075578417450327
48,39.02603282115065,40,46.94428039321952
30,51.25606824099791,8,37.77549437799833
34,78.89447505335386,34,43.311685884463735
5,83.53951160828349,27,25.790565513346262
4,47.59246963410897,36,17.43527514882273
21,67.84231353916904,46,33.101220954784516
48,39.537294509519725,8,50.929420037890736
22,67.14739409156037,1,42.18368771068283
24,18.432137244525023,2,28.203334277286462
33,33.39582613231783,43,36.25243660289171
25,57.08051989322533,47,29.95835423418057
46,1.6342169046370947,4,41.13623654980878
4,65.02151793050587,9,25.228749721937593
25,75.198195114135,27,40.845379188511146
19,35.92274949845563,14,27.5972409428678
5,40.31481754594479,13,20.397993345349015
5,76.61539909948779,45,21.44183225388424
49,69.80891717934301,22,50.37065334756523
17,25.93345401300375,12,25.2098191679073
3,29.157849590538508,15,13.198511169370065
16,61.099040915153694,29,31.612786312798995
13,50.68782832033451,39,25.944378251914937
13,14.600661398684725,7,19.298136902853823
12,27.893691830624977,16,19.599347887089692
6,80.99849491907887,29,24.791738165406144
43,61.93569930500371,16,51.151929305721225
14,88.73768859169675,34,33.52026012361006
18,69.03112769826924,0,43.22232695134584
42,84.77769889292313,48,48.538180634783586
46,19.456971648342787,23,42.82413365846198
43,69.43363873352331,47,50.80019375604418
34,1.8195768133017687,48,27.536597738086986
16,60.368401954038056,24,27.497529045378876
34,42.235405030821724,1,42.7810129660109
18,31.20840647280618,24,26.651311920344906
19,77.61639170637802,13,36.189887916891685
35,76.88409233917776,38,45.767377782466966
34,2.0071534408779224,50,28.114010800376025
31,54.85546102044879,32,36.954202066446925
47,33.10490018888608,16,50.22438602377276
43,37.40949013504042,30,41.51473941628485
39,74.88366652968983,9,51.801356862587404
23,27.885579437491046,5,29.722888055040997
16,84.87439295738581,38,29.08906316658768
6,16.16704437349267,24,14.550152830860258
42,59.645018103135996,37,49.6376595932718
49,60.489456031238824,36,50.890209060123865
0,22.69756452851264,29,10.0
34,29.22755480704818,33,35.1396270784632
31,75.13186433219464,17,42.5390071161162
35,68.56247294594571,23,46.87007890386287
12,29.61862922832836,48,16.666457012739894
5,48.05608922414405,26,15.66609316072204
13,5.551226662778591,26,17.32729330241423
36,18.78712941587663,38,33.67518116807601
47,43.723850297435916,20,48.045013404253936
14,7.737636175129044,18,16.569921942390085
46,75.89991194027438,38,55.25825718157723
3,64.62055890968831,22,20.820294718123257
39,84.92703035836453,38,50.3796024144657
15,62.412021536762445,47,25.00588052095446
27,84.6361235035967,43,40.73887311906485
15,49.90613001218685,46,23.688130333958647
3,54.01967499557725,14,20.85996458302925
44,87.92739491636348,42,50.4325315473917
25,57.79162321778343,1,39.96461346001071
27,2.7707911974671937,34,27.16440541564398
31,65.14224989674709,50,35.15969121502356
44,81.4921822923674,19,52.583869605186266
1,71.60222248148939,27,26.8596037444048
30,52.54499453628804,14,37.40579522588402
2,60.41731617841647,15,20.12430920004757
7,89.11726103265046,32,30.690852980988957
23,8.15958796584045,46,23.65956957539567
14,60.05203457699156,11,25.30424076127623
42,25.505792511353444,38,40.3320103301721
30,57.608135692755305,38,36.431617608749264
8,54.68612182955449,42,19.938514523849918
38,13.811114889734586,19,38.842470144762004
44,18.607198116621525,28,39.62508776777954
1,55.94666202388922,42,14.565431676511867
7,11.54069525733967,48,10.0
6,23.866278761729056,2,17.975050439866546
43,75.17209929642021,47,48.7791338857978
50,29.438235540147474,4,52.93430696071752
38,43.92541406426966,1,46.09018641507264
41,84.70263016312562,22,52.314797268691834
15,20.443417995325166,25,21.931461127683555
34,35.066341562220934,25,38.62366057484328
29,54.58119979891911,6,41.472260670094336
9,67.9805036553575,9,27.211490855317688
37,81.14880480414347,4,52.37896997772068
17,82.39256888161636,46,27.239410105044513
49,69.89760669353606,11,59.69736422768858
4,20.54977529339794,31,15.322117511914032
28,2.2328397038309222,41,25.675370000455054
38,34.539653732006144,30,41.49979966302195
33,12.7393965889041,21,32.349555292008645
42,63.93488826944683,16,48.286004503816244
44,59.501752814314514,19,47.34254504461473
22,3.9574477459309354,19,25.357764748005323
4,75.29344012178561,42,20.057458176340766
29,22.386893966206404,7,32.979854493305744
5,38.9004367941938,46,14.828363561916829
45,60.114036191016815,33,48.497867459373296
43,38.6476908167028,48,41.15908372932134
3,39.715902251994905,22,13.126945809558833
28,5.906519580216633,37,24.764311213589792
22,36.129919433400346,27,30.224310520379035
5,68.83631038979851,12,24.603627458632516
31,82.3658703467938,28,42.24884723755068
41,37.21474233570346,7,47.00253806677073
17,38.1227244191171,10,27.176041454599247
14,63.23643956912869,46,25.916265681029692
39,84.84948009947489,44,47.24900825101548
31,24.03548462154242,17,33.95622966747127
8,39.612978588414315,49,19.231816306012043
36,71.6375919197071,24,47.07138992314356
9,54.87242124366347,48,17.630914225803348
19,9.952770956755925,21,21.39638977587743
5,56.49594620060392,44,17.37396355504712
47,16.80716561375942,34,41.59417609511021
2,45.91943406705637,28,18.201453472971544
41,47.619294089439464,20,45.28753393605898
10,78.85830260024863,6,31.876584090975793
42,41.62448466111943,11,41.611788491445154
16,25.14981800123048,35,23.628053228570373
31,20.786971339442843,23,32.07166014392634
3,78.68266890159025,31,23.703816118722706
3,15.390976897640554,26,11.790754634110987
16,38.328170479482935,31,22.677176898952418
40,16.84558034342523,31,36.23130058376724
18,69.59736361029378,31,30.31528641512042
4,42.69353759771571,25,20.355367016639846
31,31.602932150113084,10,32.07288030528015
21,32.498967656382014,45,22.54314661780331
5,76.69927860506814,17,25.645716071306335
34,49.83965588649943,38,41.06292260912679
21,64.60810660181373,4,38.43725396163905
0,80.73346646256161,15,20.620612718626546
19,81.15675084365779,10,37.80033130648123
21,29.565814890407683,34,26.955824994605038
47,85.72061368317468,47,57.44792901513054
10,2.23882938131449,10,15.26827015190128
12,33.91520049145491,41,16.664163962684807
41,80.62189717579574,22,52.16911597321801
2,24.717319183528463,33,11.306892626946476
8,24.57733052891865,47,14.392083448160959
11,27.236005657369983,16,22.128151001148662
22,55.108204636223,9,35.71150431152026
13,39.449949805291844,17,25.496383408392994
32,65.40613527180084,43,42.302597027083515
17,80.54195783081992,7,36.37627470558918
48,60.67794374485746,25,49.536726944553905
40,18.402004817781794,2,42.00835246452464
8,83.94137121244519,23,26.375608182117478
22,23.804358601273066,2,27.617688214785048
9,13.490486579534231,37,11.803896938210816
18,8.09705509748648,1,21.567929617747193
46,50.704536659954904,34,49.57803741600863
4,10.238621623258663,16,12.545546520686674
46,12.489829570136768,8,44.91154358841526
22,27.002743253594698,35,26.571077420569587
29,25.348770871601744,21,31.79985311075587
24,54.381555929892805,30,35.097318896132144
27,73.50707515254133,33,37.68627901308611
33,68.52146905826032,23,43.01836832899913
44,23.623600924482908,8,42.90903781338609
47,22.077944818738192,45,43.36620057849619
46,86.92123770962708,42,53.06997712536594
24,0.7412617432764113,1,27.99430782931654
9,79.17484797541942,20,27.972046309152766
13,17.97556672101645,33,19.439152498494206
41,85.25558907807911,26,53.39672399581238
45,30.807655634476774,36,39.01057175963866
29,39.631659650392706,6,37.3345821175109
40,63.640855254994285,21,47.81197211759148
24,52.89021463259343,3,36.328600137296654
13,28.614539673614054,13,25.642328603283673
34,49.84478242810412,33,36.384462240769395
47,65.76361959265977,22,51.85615854570761
33,3.8101451312242887,43,25.713353330114504
9,1.0079374730133706,41,12.411430448627009
34,41.226024516560216,24,36.38797706178131
10,11.865295602316277,0,15.70789458906766
10,59.7909862318243,50,22.320967483165905
20,19.26472106046908,47,20.524600620055615
20,38.956599611610386,14,31.772019163668553
21,17.790384318684207,31,25.23276365517771
44,49.363522717421205,13,48.637738225746574
6,10.444811344611201,40,10.0
16,2.0796167508732233,20,16.219718712585795
1,4.6018474296027465,46,10.0
11,85.8832597363779,6,33.70012895937451
41,12.805759674984223,35,34.69374652338806
17,63.76304278231517,20,31.291169725251297
10,6.113358380054362,49,11.219800027022144
15,9.734431701166395,39,20.393487760957875
48,45.79886262684012,11,52.27150724421154
50,41.83838371389093,14,51.410350972834955
17,85.64222784958827,14,33.7988520081683
34,85.03519077186637,16,48.45946124697647
25,70.16477782882185,33,38.34663854935369
15,54.18916471146148,43,25.669511558671108
5,40.946428565370994,34,14.493563701775424
43,32.0560680895579,38,40.058314525430006
42,85.2378792278,37,51.04432170822933
46,54.2617930282217,13,50.286132914266446
46,52.116527491739504,4,50.78909363660555
47,20.871100959202337,29,38.42981660572755
41,4.202803609660176,3,37.55419825925947
11,85.066972178359,14,33.115679142305204
12,28.23617329601885,38,20.097466572292745
3,39.833012099201284,34,15.118920440332758
38,10.317594922713615,44,34.182416663394754
1,75.32318969183628,9,24.257499243389667
25,2.4868649570337564,1,26.09191832076095
26,75.05916858891868,43,35.81381520197727
26,12.625651150917012,23,28.27315761440965
14,79.79077013680369,27,31.171991809589734
7,65.67953736025416,21,23.600912762332285
6,14.820323625657458,43,10.0
46,50.92361935735213,31,45.9483723094853
45,28.13906829196975,30,41.83365477797498
39,16.04097890204251,18,36.645582976501075
11,77.32639794699976,50,23.716080978291878
12,36.31704898565064,20,25.778163794658617
42,35.868934292884425,2,47.4745887571591
16,15.2898007325958,5,27.892231567023536
16,34.47591084772008,31,20.234767933789893
35,78.44551616959652,1,50.665390684994684
20,32.681583944067235,23,26.217098970704793
7,85.64432062498092,44,25.468170128693263
4,85.16780092875487,26,29.63510747777501
25,13.040879337661142,8,25.42919013462906
15,15.958012817038039,12,20.746174236277206
35,77.64066632987003,13,46.581875508761094
27,35.348482703224725,50,27.32960855581093
28,0.3936584054708403,10,23.95736998591734
46,24.64846377348339,13,47.750433076772126
11,53.78660938760039,15,28.857513989729718
36,71.93393693639712,9,49.40054998643151
29,12.00497553839336,19,27.174242038007133
22,9.94872279750618,15,25.695027214570082
15,82.98833882150984,33,33.879638430226365
13,67.60335310403244,15,31.147434974616882
9,53.08016407002706,13,24.867311480585723
6,69.22681109963352,27,26.816523017473152
44,38.59689251759746,17,44.5510987502509
36,68.2610172578214,25,44.76453905520524
28,33.462269214708215,37,31.993654502057588
2,21.96851152433421,6,15.52938421991665
14,65.61120791636718,44,27.442170063825067
35,37.770506294154146,33,38.17117453743091
46,88.32393938935753,46,54.01452109892884
45,31.453666407729088,48,39.86109647018776
18,82.95546784779593,44,31.196082494270613
12,83.96662937103716,6,34.56760344696261
41,21.76676523582715,32,41.27573046136831
20,71.8399063429212,34,33.21825986402991
36,38.97670546301086,49,36.844137914454606
26,82.57722545073132,38,39.240319742370616
28,40.511184537171495,20,38.76968728386688
19,66.98733456036295,48,29.221634829953576
24,42.02706682474181,27,32.36108733683737
5,20.502068014157057,31,11.512635630408456
35,17.941511605021766,43,29.39742238075489
1,38.2888074830711,15,16.093958041415913
21,67.99451913127935,9,39.31109968066602
31,54.456433666269014,22,40.5584646155089
15,61.976636091048896,47,21.672526350948996
17,25.40937156587482,49,21.09759287826864
4,43.329181136184495,14,16.30313542161129
35,3.99557384723943,42,30.679099102188655
29,73.57791743623086,49,38.75440294896139
44,89.09029460158872,5,57.568448028634066
18,36.61911563622038,32,26.578328340028214
22,0.9867287818389014,38,19.36907976134604
33,15.281337559585262,11,34.80499490421971
12,58.7274189975377,35,22.019022973233245
42,55.08713863834733,30,45.405029167007065
28,70.90782476269895,9,44.27929009485805
35,22.849560986496133,33,31.457593560313942
21,68.72687239924207,40,34.082621846829376
46,61.91856193713028,9,49.19627294086766
35,29.053304794245896,10,36.43146928318896
8,49.09393332512658,13,22.839212958454127
38,13.254642764849404,2,39.25809855303913
50,40.73080530920244,32,47.20073570217789
18,79.30776056000768,6,36.36153783509224
37,37.90722418428517,3,45.24576559572836
5,75.56100358278798,38,25.289581066682693
46,53.1228028733725,47,44.92577011105547
14,17.268904179212107,9,21.11555608574415
19,52.299562022810676,14,31.085803802326293
8,45.53849962413571,15,26.893190637924103
31,35.87772016767456,37,33.35946833264491
3,10.76673955644633,3,16.945381224186058
49,37.503779746250686,3,52.81479047904421
17,6.54861386156644,35,17.74999231019124
4,8.889214625887613,26,10.0
19,37.43248796394444,21,29.194877035610695
22,27.484333377161732,21,26.174605403067133
10,83.29898932760011,16,30.486771775092194
36,33.81352248422435,44,36.68038846558783
21,68.20723098648901,33,32.91027696037634
3,47.72227737296185,31,16.204549978467227
28,63.36771017781019,5,40.907653922911955
43,23.410438471385927,32,38.608681684297494
33,84.77144755544961,7,49.90321881503888
12,47.70796472229816,49,20.664084399106148
41,74.81916641567247,35,45.70148916074456
8,32.85411241285021,4,20.595888831652072
41,9.019021414547208,4,39.16972149074453
30,60.63404829487639,46,35.478721410185955
6,0.6983683503682037,9,14.18785720430355
3,42.77636789089575,39,13.400886588397936
18,17.35217123998133,6,30.578184633174722
41,56.463795399182594,11,51.11387024427047
29,88.14778858240669,29,46.34103054175954
30,41.796261568858135,24,33.69185468815703
34,73.57484308731,27,40.40381539381025
20,45.70057682560089,42,26.161976575889636
30,44.62560279936217,12,38.71217230509575
18,83.73811438609,46,32.123705294597954
30,80.09692818720133,48,38.75973960638865
31,70.72204186691769,21,39.21243258217652
1,26.66301779851057,17,12.138321012922544
9,49.05075741515465,26,21.723991145076386
1,20.15075099751165,7,12.689415843972931
1,39.95250282418858,5,16.938382803851525
23,43.579175918381154,10,31.719260849304757
16,74.84760361523978,28,35.279237593023616
31,80.64255287924938,40,43.245405185747174
15,37.315805615683004,4,29.275180998395818
15,1.5934000565913486,6,20.46422429332735
45,77.55964558104192,21,51.19173342377288
38,15.685081065122462,46,34.31387862240064
30,55.96937675013542,3,44.440320484141075
42,2.2473810390718074,31,38.18759404110914
23,35.955582773450786,18,31.838393398758175
0,88.73642719038148,44,21.14926075639432
10,9.062424099342278,32,14.00870169067682
20,38.13238367996781,0,32.66404602715045
3,27.643495517095694,45,10.0
6,81.45793110494378,40,25.768745339322933
25,78.24060971166196,43,35.726751054958186
46,21.392888427560596,49,43.54751126511802
49,7.306900834538805,40,39.16038538819694
11,56.44245546550057,7,28.327565209298996
30,30.27318406953388,31,32.69407596326369
16,60.48759515454567,29,27.56324413564017
32,2.8907780461033026,45,27.14275980844716
10,12.005931165974047,27,16.03536672573678
27,61.773500949537905,40,37.30030985908406
31,19.1133589772248,31,32.313566681956736
0,77.18289081861614,24,22.2108730031593
46,5.2731798939121886,33,36.66707584663373
27,19.393378450701714,32,26.39924452593536
41,89.87042236365617,12,58.188105940582105
6,38.97684923281134,24,18.56966303407814
1,63.26690971901792,41,21.356500308393446
41,16.43967439713123,39,34.501417522074
23,54.888186148698395,38,35.765259157623625
3,65.34954615324766,43,16.83288249336162
43,28.302897227985948,48,37.683807896225446
18,74.600740077829,43,31.95443537398374
25,54.307582062505496,47,33.30659359843375
10,35.02107086535272,9,24.01037405184074
39,50.18781540088427,30,39.01134120221552
49,51.908476269233184,43,47.086887962783976
42,14.898176342447941,10,38.58858882948199
10,36.245913288026955,24,17.886556988816192
44,30.90875292175438,45,40.19928602938925
2,36.081245032121345,44,10.0
11,68.49995296367321,33,28.44980472706476
2,43.428456672000536,19,18.72526995886819
41,84.62845379153379,6,57.96451032609448
26,26.430877202259257,32,26.55288475026991
48,37.41332204564361,34,44.046176348525584
1,70.82611294311373,28,22.769549951185564
48,49.142213398867526,11,54.034029594141074
15,49.2325331782003,4,32.44382191082602
1,4.8006146704665165,11,12.318448494936215
29,35.873969644661024,28,33.713084606246895
19,24.366035917955923,34,22.153078404660068
37,89.94016105480038,19,52.508030208492976
27,27.751956356907925,36,28.16668909237963
24,79.60468813144772,0,42.931504721172814
31,60.86103615364297,15,40.858646765444256
9,30.682476827288138,29,18.61976059038313
41,48.918094053671126,8,49.76775252866389
39,75.64822919542743,41,45.58074737281087
32,79.50314682278207,9,45.94786194577009
12,14.43544875055307,12,19.274817633365785
40,30.561582708735266,47,34.70435665412614
41,30.17008621922145,19,43.212258210780085
46,3.784031646835022,28,38.989844136508594
36,53.84139838667069,3,45.44750208911304
15,76.93380476929691,45,29.794066178675017
44,34.3416949042966,48,37.52043513082216
21,66.60323504857593,27,36.771951907342576
19,56.49303722406659,36,28.15931063455623
49,33.80838619437007,12,48.512163300941125
42,12.695381954306736,2,43.36915093483455
26,63.839146749837056,36,36.79029618657804
40,76.91086520471164,47,50.329898627644205
15,61.72690431613427,18,28.215034653617217
33,1.6090635631336259,27,27.49651522796116
31,19.460960495189212,18,30.500453349791727
25,6.253198639517872,16,26.617684744414298
24,51.334748961860406,17,33.97579093445305
1,68.08299109563711,17,20.376001304502395
11,9.95212683617935,22,16.259079518443166
39,75.45040385340467,39,44.475796570767244
8,49.995808055593486,49,21.341070475264544
11,62.09721109275524,8,27.520978267075517
25,87.42616637477816,28,39.64294392754075
8,7.5312889422927585,50,10.0
9,81.11016206800103,41,23.0810043483711
31,11.349242638866837,28,28.593766035474864
33,35.3662925973014,1,39.41226789092699
47,76.6294826698003,16,57.26465861070618
19,81.56288130640814,44,30.021367905400194
38,45.57345061906308,30,42.11903161839537
1,53.46941744478826,27,18.592256660565827
0,63.733260113870145,42,17.80054427154523
50,74.94828016074428,47,55.01097559340224
35,10.936005258389955,38,28.66336086060089
23,72.90623774063049,29,37.4137098561477
26,43.31485354604551,34,35.29329251168785
1,40.55610825973521,47,14.561761282973293
30,38.15097767972984,50,34.91410695955125
13,45.829042672143835,19,25.89781486308036
1,85.05454980551431,15,24.277204587306557
28,49.33833955129364,33,29.45685773306807
14,85.78597844368252,13,32.521719922317516
11,16.226111755407654,25,16.14442040160603
36,65.17223809493699,19,44.69421733712829
27,73.10155847478725,41,35.786805380616315
19,61.121594820137574,50,28.70346081763295
38,54.623005220388634,23,44.464220840032965
23,50.833150297756404,42,30.04853587890371
20,77.48374343208263,17,38.51733590048662
9,73.94819374480501,42,23.850367772423006
45,11.005984906253957,8,44.69317589374152
13,76.37288913277904,18,29.26700717416457
36,37.26617574963982,19,39.19607524605517
17,22.83271469962297,41,20.953628467252507
23,78.27917112125333,29,33.56848189320518
13,38.882231967036745,25,22.11869551300141
33,72.7528221159135,30,44.57406170313311
11,23.706325076026005,34,16.486581790837633
21,0.35363892799960217,2,20.825502379128714
5,44.591327361264995,39,14.793580456826234
35,9.020543097859584,28,29.41386995735181
44,67.89383599724187,5,54.621174997509854
35,24.846762246246932,0,39.70392693171974
21,39.92810819431308,23,26.112701084435198
13,7.833020858239882,37,11.840667720981461
15,25.799332360252738,33,19.26015312066288
35,70.33412189327147,50,41.12940734587585
24,13.642912071208752,6,27.284847890256
31,58.244360501426165,10,42.54932518639483
32,82.5683267524051,10,48.044810148201854
44,61.185308378194826,35,48.85166922931574
35,72.99195203630042,19,43.42172247445462
19,9.807446637352422,15,22.459849663554216
17,22.565864340184902,4,27.964038302641733
37,80.5084967016532,23,47.20797032509144
2,64.35950522562803,29,18.29479843050694
22,57.55984437395801,29,31.585313521191043
31,59.739006250953004,38,36.92097940127771
44,37.27804988741791,47,41.448556201828104
15,4.01009684558879,46,13.238974811680352
4,70.5997387863656,36,17.48033000693297
3,61.084191259381846,32,21.887467605073844
20,42.552401770145224,19,30.673322243585098
39,80.97836538314317,21,50.64383676019847
50,30.254369848658897,40,44.86252889062088
13,26.48895698081123,20,20.752379596425374
38,78.55166925714985,36,45.31040055793315
30,71.72888892830869,26,37.69061105506592
13,46.348182958351025,37,26.07451453012613
5,11.766126551206497,34,10.79501252454043
11,19.35643243185472,37,12.799070971650886
15,59.0605191367926,39,24.409796793517916
16,34.65371140563705,5,27.98970329917482
44,75.28258724993741,31,51.775580782670055
22,85.49595083989837,15,38.75417604305131
13,72.50732327474265,27,27.395728469075905
6,33.979088069600145,15,17.60137529737144
45,70.98177863082816,26,47.93752267414565
31,31.62975061236151,2,36.77462994131535
14,15.039007898907052,48,14.677753809576249
43,3.0053884379271656,20,40.754371617171394
16,34.714504148491805,37,21.691530927432186
40,81.32033733275537,37,49.21976396901293
46,21.508792898010885,29,45.34833370057025
43,18.58618484368056,21,38.53266014193069
33,87.28387067169363,18,46.60739286991718
4,2.2503701565532905,30,10.0
44,70.72039353543789,19,48.744918643426665
26,28.923296016678332,46,26.56166116006086
22,3.37391611826934,18,25.7015663491037
39,82.60222861886253,1,55.36155444668495
13,12.567809718862526,39,18.128106845091583
14,49.660135535312584,38,22.76442431477045
42,24.6648786686593,26,38.174611861970746
32,5.867352196622193,7,37.03557218067839
30,4.493023709704119,44,25.72815017892452
34,10.400102895270491,26,28.755271170992195
16,6.423031250044204,14,25.505397219408
27,68.45023039679306,11,40.76008615668131
18,43.70095820550863,46,18.54545910422129
45,30.860288221408172,13,48.63111538223641
22,37.65320191188064,6,27.409908205771586
31,83.60520620153609,16,46.59787418306481
39,81.96766314643325,25,51.628422030948755
12,64.41088321103192,36,27.244964202426605
19,79.6214139679519,19,39.486461767212575
34,28.76832248288623,9,40.23791808078745
4,34.29983934074546,18,20.673239981419165
8,55.23409636688052,17,23.9108447073276
28,56.12633525675378,29,35.648036040291615
5,43.35298542111069,29,17.127291936398727
24,36.059206359415796,24,33.15913641528501
30,88.75622804478256,23,44.022488041991835
21,73.90112635059519,9,39.82503368710411
1,39.14821780992407,1,16.659833695629853
44,65.45632295156116,37,46.657620983931785
4,24.260552392721355,31,15.3706796726094
26,9.01523936135969,34,25.776379572596937
24,31.718792299746656,50,21.324474928592448
7,36.26755201110548,36,15.04588026879742
0,1.4883412104603722,6,10.0
19,73.33128014723064,6,36.31519950984202
43,32.327406215026336,26,42.11862960377998
22,52.23763492021323,9,33.5494447031672
31,6.656686854386037,32,30.64432260781971
10,15.749714587552559,42,14.676050981082787
38,80.0724352794804,6,56.64618941356379
46,54.78187750945207,5,53.474613125767526
23,85.5255645153437,5,43.56015936880166
10,89.88750309521852,12,33.721488868126436
28,33.467410379978496,47,28.70545541829928
25,26.892275767494716,12,29.77915742153975
15,77.25204496431871,1,35.33044202877562
34,89.87502843337087,18,48.69684927094443
19,56.66771108092116,50,26.94512504920524
45,71.56266502603701,18,54.38450728793831
2,70.3571272933747,49,18.72157246800953
0,31.980573739759226,37,10.0
46,51.684334223137846,1,50.910578706949416
0,74.97512471377922,50,17.943581504937267
16,61.930248863494995,25,27.982571697098283
1,1.9047432583834434,5,10.0
28,30.303510200778014,19,31.748011059385682
19,13.002812693514482,22,27.45265610666678
5,20.96749908702352,14,13.045141785838702
7,81.49405297421931,5,28.863537106949266
28,3.320396001969134,27,25.10292566663741
47,19.782064076573135,34,40.85247711892808
50,27.861241701440832,10,51.07186630754638
32,55.519566476975534,7,41.94513748118912
2,48.069152107727895,49,11.015436300063275
34,19.644253456804748,48,33.3906788533564
4,14.781696050083902,50,10.0
26,21.311823113650693,50,25.803411745297378
43,45.227666403149,23,46.997206954401555
11,24.406000714008307,20,17.11711760928
19,85.284225144695,48,33.143083162937934
44,41.74786992859628,35,45.54206957427271
19,5.291641489017335,6,22.177788887130497
8,65.633976525297,4,28.74011658529738
38,29.596075938809065,28,39.40625228648985
3,58.81400388524228,15,18.692888607753037
50,25.163493347090878,5,47.21780548986596
18,51.366936755998786,13,26.353834079706665
37,69.49372543267182,1,50.102212690236776
26,83.52078675970985,24,45.0740967767726
44,23.501442998976934,30,39.615922398762756
42,30.137125589908305,49,37.692050209552754
12,41.78397782573457,49,21.43344247498635
12,83.445735396239,12,33.820898370310935
21,81.12481711295914,17,36.42758306370815
27,8.089045209057423,16,31.170424215612474
46,11.873684317842976,44,38.36938534803632
44,44.59582595975744,27,45.20473392666201
21,9.595734552488114,11,24.670261755015957
42,31.10227860138277,34,41.7021935012323
18,13.354684039572989,21,20.89416379948755
7,57.243631961869724,38,23.791967973350356
7,85.45458885652455,0,34.50818445231126
41,89.70603932649433,36,51.25816742017183
25,33.771701924722336,20,31.37755915769909
47,53.91113734031511,0,51.99014402860421
50,77.06408881716732,3,58.6881389606791
25,10.571586551674558,31,22.69352462868247
22,62.06079699467685,0,37.404010333357654
42,36.795929555256144,12,45.08387295096326
12,18.553154425214768,45,12.180475404794135
27,36.24782568726978,46,30.627388781047955
8,6.836425826842517,16,12.825519723634512
19,62.58664337303752,11,34.99095212206346
18,22.746840187360778,6,27.8638684417524
47,28.02650805403902,50,43.61940942641465
38,10.897316841731646,2,40.67357021329648
50,77.81932025009026,49,56.52714886289131
11,44.409985135446476,25,24.462975691688648
14,51.49321900077602,30,25.93409189943112
30,51.24894147853691,35,35.05444049982752
13,36.94438030872076,25,22.500000296470017
10,17.327692389432553,2,23.42446217521666
25,67.061947364856,43,34.06670692543388
41,11.43506388219069,27,36.92672372096169
26,9.348641125092945,43,26.572174234007903
10,63.9130533836853,16,26.91596642466407
37,18.795331840678543,37,32.51945567716373
33,27.60954762175491,46,33.98828035249599
42,42.77047203015662,29,41.949077060982674
18,40.44161850565916,1,31.345958488827588
5,63.77212125584993,7,25.662082969527923
45,56.10886140990249,13,51.403251409122085
37,57.99565460536791,36,37.259618088601044
48,64.26488975899116,34,52.91391152909183
41,26.33514546811188,41,37.69803916066144
27,29.009998062042627,38,30.234565437062944
0,39.41979731059987,10,17.385546164574052
34,27.671595573017346,14,37.86618113026211
39,88.64440820737771,1,54.08452188660648
7,73.26467337792867,36,23.380650628108665
46,14.818921943042662,42,38.75519695356472
6,0.503474029368256,31,10.0
10,3.8504941422541075,39,11.072097847914407
38,21.965710593863275,12,41.07901493428717
3,10.286215725317088,42,10.0
24,48.00043034033149,16,32.04038359053313
11,77.21957004546228,14,32.23438510105862
25,66.30751988219046,32,39.72383099111233
37,19.40481567739714,50,29.945858945045458
45,35.936933042320724,15,46.18675482557343
11,45.710478857814984,50,21.469896318222048
42,72.9185264553002,12,53.32338204234997
50,75.52094427955483,21,58.19666964017565
36,81.87464807169984,22,48.33589922368856
45,45.83207254525877,35,40.10040973791266
23,62.48472717922767,42,32.812650201682025
15,10.062033411054344,49,15.909371982805137
12,50.87600639585839,49,23.476879882630136
24,22.38226285240216,9,28.424517174873966
3,38.854519652395,16,20.83654307532772
10,57.06454574760475,29,23.442017419039015
31,23.128734406840298,12,33.56047213909926
48,4.696655201708497,29,38.747798547244734
6,0.9210470767881762,45,10.0
45,1.9943581990069392,29,35.35688677096578
10,0.7514763762392696,6,17.514148099838174
27,9.931955090208792,9,27.92125938858749
40,21.553984311311687,34,37.1224806726798
22,19.909936276406928,1,26.18267914229883
44,88.81169347619071,29,55.783092113998606
22,27.54054946880489,18,27.90802934894132
49,11.467870502345919,38,42.00843467541169
27,49.10062897509822,36,32.962287803445854
42,77.21617098577575,2,55.59873001593814
46,61.02543391089077,24,50.712867728282504
25,26.647388022190526,33,29.360755702155128
24,50.54545438123095,21,34.82666315808627
28,64.33703767803682,37,37.30989229348436
18,65.5294043130968,13,31.955588100231573
32,59.988460976792,38,37.82291041765488
35,78.37293822980561,1,48.48016249528401
13,78.30949125096939,31,32.9692874831403
13,52.10429034663029,42,24.78157576771826
34,38.687073220009104,2,41.31291116239943
29,57.74132660085898,40,34.723965861973184
27,73.63908012334169,7,40.998273515838356
16,0.5086894357066252,25,17.796688209238134
2,89.2797308113366,31,28.29236533639272
15,16.460439509627932,10,22.303948898121277
45,42.322408709397855,49,45.018322247877194
29,78.482676135858,0,46.54786214064063
28,20.253635913977945,14,32.675875523525285
44,42.91157015103449,3,47.98047941688654
14,11.932396216306126,3,21.342344238040294
45,35.556869284937335,27,42.899762047290004
24,15.942190931370227,9,29.247605532434353
50,32.72649738940413,10,49.558453972772924
37,33.611779511344984,49,35.992127035401126
41,89.38537106384995,22,51.306654455528474
46,89.5331726373395,46,54.118089756459995
37,10.330765079455118,2,38.00395880074925
22,65.33719013955125,38,33.04117726379381
24,4.657093170219103,38,22.81017023379354
41,2.7172813803469764,16,36.368254511262144
6,9.480050482046789,21,20.559444828648545
21,86.89370913071406,26,39.11563329190042
16,84.67771931052276,15,36.0957678163453
17,17.45350382526124,15,24.624649170715962
48,14.550510199834036,39,39.617582654667224
40,21.64815778643523,2,40.92089022492163
9,46.39922946676279,46,20.28058325393721
9,51.27341688318689,32,23.532969431772116
6,19.94340873955026,41,14.422183999026052
47,68.09605092809507,1,53.51887206286217
49,27.85978524623857,38,43.91917894201477
37,82.99181929764693,45,46.40762551591996
26,59.105043581105754,47,34.411637566570015
32,39.27160748732505,26,37.40748745579104
0,71.09208015325608,14,20.416260795299575
43,73.61231634419983,6,54.95197706436761
33,26.14334450480493,44,32.37113985274982
3,30.57430894524759,41,12.701892366610876
16,84.23596383557431,8,34.654309479232836
3,14.826693452694473,40,10.0
42,3.7935375266640783,5,43.03316882975754
25,40.864979034859424,11,35.99522088984481
3,72.10889102192661,29,22.045838103830647
0,69.45012956796712,19,20.94824961210812
6,82.75775660215493,19,32.34721515013365
29,47.98805979321362,45,33.23827899396645
49,9.005820440987998,26,41.967583905731644
8,52.982007690241446,19,21.759584235982654
34,70.05560529178905,6,46.443792662747065
7,8.399530824284376,39,10.0
23,15.539166098783078,39,24.399419216656685
18,1.106159504010381,29,20.98974989448818
35,53.42873215021294,7,46.676542731316914
49,79.8060952751314,1,58.706301990378506
42,60.35969844018896,13,44.93256392476883
26,88.38360788318839,9,45.205270999646686
31,5.673028724978541,49,28.122018444425645
13,81.27009766363466,17,29.59574164831168
17,73.26614586480126,17,33.256019897141115
27,28.281736844955443,15,33.0211766095759
28,87.61738966535266,4,44.841354225065054
15,25.914397335427353,30,17.72656482788036
34,80.03742514453967,36,42.92005903333473
46,79.26737193667705,19,54.065303726374715
30,68.18918549426752,22,37.56551441331275
3,50.71234264315667,31,19.7355564689726
36,10.800247465519925,41,34.317880324015
16,47.877456104684846,16,28.434604942443027
38,32.11166300894411,12,42.68130691360221
47,71.29953298398166,48,47.00152819963443
45,68.23162858471603,49,47.513169143572306
25,81.95512566353447,12,40.93321605590626
47,1.3347146188537085,16,41.59005772142377
38,72.81928951407414,14,43.66782750307068
40,84.4615847812202,25,50.53417596722443
3,71.03704041973351,43,21.114209676041646
29,11.717501388333003,27,29.069895315568573
29,7.315119435679897,41,27.178837876942417
21,1.876071582693073,44,17.27846315299751
10,56.587070324526394,29,18.320778160169898
1,56.670538667389856,42,17.93187658946256
43,88.8222342796391,34,54.28273920899003
11,35.823885669368615,21,24.85229160437858
29,29.871565640774705,9,35.072825965527585
35,56.19824344659532,10,45.07212703734868
17,74.30478052568346,37,35.869451511476896
25,84.30965545707016,32,35.85991008957729
6,72.28117495611347,5,28.79564291567868
0,38.40065825542243,36,14.715610858373239
25,57.142281178085774,6,38.45361966111269
22,77.06693940445052,43,34.49600203914897
25,44.15487194805655,11,31.713829893212893
44,19.501797933485342,6,46.73480588612314
5,15.275109577308566,1,18.542902247792565
5,0.014197012025105593,0,16.067957281734877
43,64.64141954831558,22,49.68517618816117
7,9.998748796139145,24,12.658290633027747
23,21.945518972634638,17,27.925692114956192
21,26.808869837051404,43,27.010419348261344
18,50.43418741230915,6,31.266221928220222
36,35.81615495661923,50,37.827116749708104
17,60.72065928208456,2,33.449935888207946
30,5.007479339583244,28,26.08697990400082
36,11.15452748379955,9,31.926417408524703
29,44.92903531799401,42,34.13406716533285
41,30.326830906214685,4,45.70161041967247
32,26.623202647622374,33,30.473570588125856
9,6.0325271133770455,7,19.410232099402748
36,80.61472572732013,13,46.61019159299972
11,62.26367275125457,39,25.71961094907948
29,10.945634113768444,5,33.254091451654126
26,5.8541361963426555,0,31.517156874464455
38,87.73852800881187,32,45.40611057117599
8,61.30552953955544,39,24.1448512883091
20,37.571046398436735,10,29.724524788296286
11,63.155793668020635,49,22.30043641843711
28,68.06986078321432,23,41.41399110617474
32,70.19659821499015,9,47.01069210438132
42,43.00895750877519,43,37.57452504259062
14,38.68944823123632,22,21.658314272925267
1,0.9925275842010306,15,11.046930600035333
38,83.39014036276542,36,48.828006226913864
43,54.29770905500487,15,49.07304642664522
17,18.28385434709713,43,17.135430426618964
2,82.7643077479293,30,24.330544851369922
6,82.34387115932667,5,32.35663849507877
42,89.02657479294864,29,57.491180817876185
17,78.6650906825081,36,31.524644346481978
43,89.80059490380583,0,59.814291338062176
37,22.021756931094533,50,36.51411454648466
36,75.80246266793107,41,41.31310480025632
32,74.0725477916188,24,47.212766575371475
43,20.78463232986604,45,37.90821363971723
30,8.85937941008917,20,29.92160447990206
10,88.14784623098397,34,28.446111674043294
3,26.642209636854933,37,11.150652726153693
17,78.38026114210254,4,35.486027824402115
3,0.3714439207143505,48,10.0
48,1.8922326497641984,49,37.5276915388097
33,41.92841778267316,11,42.06105843176564
28,21.48432155415572,4,31.201371740732387
23,62.085715509236785,8,35.92680779121438
21,50.90078930111589,43,28.942847815526342
1,6.9737217705442305,8,10.0
43,14.636546668414535,34,38.41556941535076
5,34.924434305257286,0,19.945508578440172
41,16.704365755988984,46,31.864981340089308
24,71.30001125195358,9,40.65326307440641
20,37.44632119979521,45,23.617225086067847
15,8.408868015824934,38,18.531870622166096
30,43.59086120449123,35,34.077180613055354
13,8.175436295527275,36,13.912466241495766
38,11.604357487783547,47,31.804382017446976
27,21.564884882538475,34,30.59691850633789
31,77.35749347227409,16,48.455143749005096
27,83.21512790996748,12,44.92916780844969
50,74.36319563988621,5,57.94457582717986
48,30.06694956760625,36,44.27860387905743
8,24.52017969979485,47,13.257201332542632
44,49.424012171121525,31,45.73432205658919
21,64.9667844479801,10,35.68457682831162
31,89.40355093441573,16,45.24985550114353
4,11.84136406910336,4,16.519510498505817
22,4.436279912142399,5,27.258815643319892
4,62.49203000957439,9,23.99473117319515
41,74.9003205153515,32,51.39755941791367
31,76.17139018797809,29,43.76637919591406
9,61.06171941694446,20,23.279474519733313
38,85.86142237072684,41,46.91347450746452
14,45.99042871901282,16,29.55882724377391
6,82.24333185025912,26,26.027370655068253
28,87.10309232923707,2,45.3339584612199
46,76.2441711302797,28,54.693652561980834
2,27.878270693275855,1,16.265219314026687
18,17.659408605326576,28,23.053451459320172
9,49.33080584836366,48,18.893929018634896
27,40.77132753421696,35,30.210954287247414
28,78.99825079734596,33,39.06342624455245
14,9.002850396043835,36,12.829071724216572
34,23.196605518036677,41,30.078955987088083
5,67.66190500668377,0,28.289137762119186
11,8.548798047958092,25,18.0713003776779
46,28.868797261953016,0,46.75290695505372
37,34.843985464858484,3,39.66883117480101
12,56.0334416906421,38,26.1823629986577
28,14.231938114742812,13,32.831243771030145
18,77.45440413147386,45,32.786798338811664
2,40.27880119196468,17,14.003896670232571
7,82.53195406925008,33,27.486629872068296
7,42.108292227053845,0,24.42481617887448
19,24.753623304666004,21,26.90187645206377
46,12.764594581890739,15,42.80489696679514
3,0.3370585240156332,21,10.0
50,47.8941736486352,49,46.41975145582961
20,9.644102723423108,15,26.032926418499073
2,35.25549872680604,27,15.16018434806554
44,53.0344585113378,27,44.74077777546569
7,24.811730721243027,21,20.12528085850888
22,15.770186312950372,5,30.115131788326504
15,69.72494603484074,24,34.16998653262209
12,85.21120550534584,41,31.56086586889376
2,9.03963760757694,1,11.201131898367745
47,14.003129194650707,6,45.46063574227043
8,86.40113915274468,16,31.68721623267713
13,3.4005799631021647,34,11.991507980171878
12,87.9869102895425,19,30.80260932633778
6,0.4180034776489894,43,10.0
14,78.63017900861982,1,37.021412394203224
6,27.659266288897456,6,23.56829131630747
37,84.47299723595668,31,47.62382624896629
33,28.525075977202693,48,28.239124529429823
40,58.88756893806504,18,46.77524863141503
21,7.202931278934298,11,26.177506048404098
23,21.80968303083651,8,28.53373916639742
48,69.63114118313257,26,53.82971982007115
36,47.581726831093775,13,41.482149829242786
43,83.51721556083403,1,59.03963342379998
0,38.58762675072189,20,16.206756514850504
9,78.28311292325307,3,29.866473507966806
42,40.40598937304138,50,38.93734671690253
15,88.13234508317868,20,33.7674851409714
45,86.3850943258989,47,48.00777575757743
7,29.62230350004723,21,16.150494095757107
48,79.73313033751229,48,48.80090001864525
24,76.28502367940843,1,43.774163979551304
49,18.961235759480655,16,47.717997415207186
11,56.18613607049427,18,25.639648667753654
24,6.541408403083338,39,22.66767339889021
16,75.30396485251154,23,34.95279229208555
25,15.709129515314688,19,29.359389984579778
45,6.373323124718806,37,41.234061843632524
47,36.01971859849301,11,48.97276864117411
13,51.92299247396791,24,28.78986916174699
40,76.94252627037939,22,50.27874519204707
35,87.68182729695629,49,44.447368543083336
22,39.55432613128773,33,29.71823335589261
42,5.440223068674319,31,36.942351040081334
5,67.42040211232836,50,18.268236970628635
46,50.86559306015437,23,47.27505638018006
4,40.310221036001685,41,14.861595364367297
42,27.83419909129707,24,37.58669833732876
24,45.21586750591821,2,34.92811274376007
17,30.481164401132784,24,22.431555838319102
12,68.13106809726243,27,26.82352109598498
42,48.9504326843377,11,45.98262123834813
13,78.91629967387007,25,32.669077869517245
27,48.91895231844978,47,32.5271497197913
17,21.443617200593703,43,19.844628489538827
27,76.598269400893,7,42.40290113159046
50,50.14971404370395,4,56.49933949369686
26,18.615693432920512,10,32.224435881610965
31,56.11570289605999,41,36.5508579288217
46,32.19450884481848,34,46.24839526026737
8,75.99650510628592,26,26.520214726007172
39,40.79697647818885,40,39.86880034411361
31,65.37972222966751,43,37.17750720551972
19,8.598258687261344,37,18.68323127188722
27,35.64219116721116,18,32.07440518400954
32,88.49172928251588,47,44.42352956980158
3,72.76142605294335,31,22.754724204833177
45,14.39467221302358,45,35.523457013262224
33,24.99876445295296,27,35.182650991439296
47,29.6834227970725,35,47.17258667184534
2,58.53290044459011,17,19.236428022031237
25,68.129528354069,9,38.34138854565369
7,67.45739479271188,31,23.75761272226155
5,45.888665067576255,17,22.884202533521314
15,72.97384840543361,11,32.56814512820778
23,39.337027448172755,50,30.151107354865157
47,11.149250876600572,7,41.96573289866187
38,50.79976574884319,32,42.33605028245548
29,85.7071246140996,45,37.2889047837542
44,71.36942862532602,37,47.651591824139174
12,52.083058292301814,13,26.439809802663405
4,58.212509431418724,1,24.832890128842376
24,83.75058243320154,8,44.831580441187654
19,38.55085149914645,43,23.161511679092005
17,29.825472504837364,4,28.10638232345685
46,87.95174085004041,33,52.162134005161235
17,77.70988201593,18,36.761683391344086
1,29.073922615674213,6,18.235549126373723
9,41.74025376248305,38,21.023100437287525
44,37.35703161070192,41,44.193535182939414
49,13.418611080429052,16,44.400955101426014
46,86.20373914319332,25,56.24417207802758
11,36.38811880977829,45,18.033663762166718
46,78.77961743741172,26,53.96490614074182
12,17.042060491259857,42,14.021085901552777
49,49.30837295734978,27,50.6750117311555
46,2.1565246611842834,19,40.616905607116095
10,68.77984354580776,5,31.976564046557023
18,52.282250842165055,7,32.790685999541395
34,56.30306251227774,31,42.17277115496153
38,4.654879429918811,18,33.342426466235615
25,18.993449718775388,31,29.495565790643546
45,6.689778511822214,18,39.65544946493362
13,26.00228842234306,23,16.75294962757439
44,56.46951069139359,23,47.864921930777435
43,50.956738588563766,16,49.04470841220128
23,55.09348394520512,17,34.73310546166844
40,49.43261442401049,11,42.35249839173665
0,24.57259161082734,40,10.0
50,22.00567476099827,22,46.35459792347546
42,12.335371518292314,47,32.8742064478136
21,76.41637874131429,17,38.562304633251
22,55.483142268712,15,33.97896975038142
18,16.785991125365378,15,19.80503509248583
17,15.948844183911557,35,21.229919052904403
11,78.5732041373523,22,30.464275527299574
27,66.84577773869874,21,42.14627396972434
27,59.34591719148342,38,33.33929148934749
32,36.61776967853698,32,34.45746860966353
18,23.57780078506658,23,25.99754702894471
27,88.15056868015414,19,41.84887192579155
48,71.75156175205201,32,55.21181118311554
36,27.16013008226488,30,38.24568523485041
25,76.28083166506453,39,37.53372707933514
34,68.30387537532134,7,46.08051744672912
33,26.737249489019852,9,35.80287627293762
34,38.38975688174757,0,40.035785942924306
39,16.735810085192398,20,38.26882346506627
15,9.994719994029841,24,13.144019931965667
37,65.04858295557271,31,43.14560366533198
12,24.076067161847995,45,15.075285278926756
22,73.80534291716282,45,31.43498405893065
21,89.60478403629835,9,41.64237838809146
15,6.89578325366838,50,11.439577665463379
27,42.57316125753302,47,32.77037697396004
47,72.18563033797227,8,57.96428722002318
34,71.00558068871102,19,47.87021247072511
44,68.39974424978716,47,46.37549662874818
45,31.409544177171984,19,45.34750840094974
7,40.84679301165471,39,18.865700623448042
43,53.547152160732324,6,49.64781821461541
21,87.65465252159315,10,39.597720596430264
20,29.47925438446436,20,27.135208976624767
25,83.0829498945172,37,38.15654304536065
39,24.24212263624447,46,33.10706130886213
20,89.0167018926334,18,34.34257993023307
24,60.32373181448326,45,30.267627721533657
40,41.71603323226959,14,39.523983443122304
0,55.205138525724436,5,18.551049743432095
5,24.527805213618613,9,19.893686067508686
22,24.675647176031994,45,19.888096995498945
50,10.219908945914446,15,45.69178136147795
22,10.264526793485889,44,23.298283716222524
42,31.29045673220202,10,41.0127536504238
42,68.65699301067345,34,51.6200570102514
22,54.71740508383463,7,35.140539773072
31,9.232610429791873,27,32.21282746825504
29,76.70128724783198,2,45.88194167255819
12,54.123086429105975,1,28.15331100976579
42,86.47700191063018,13,48.93052662408477
17,60.31669206700868,28,27.533733439907444
22,15.765737733376291,46,23.012647931561062
14,42.640502607704,2,31.102667116264698
32,58.36478377924838,0,41.263650921289575
20,2.5438230944979923,14,22.289431623265614
38,1.3419237739327106,19,33.12639863889967
22,11.646270053871111,21,25.414885307786125
26,22.649799154092367,33,27.956695870327014
44,38.6594211168608,49,40.4385235460292
43,43.86964263838095,32,45.35214517867249
17,12.422484804410711,8,21.80143614270551
23,60.60524212042477,2,37.94352889180701
50,53.652425552688136,1,57.120698267244336
46,26.50176889570442,3,45.597616153699946
39,1.2293895091762808,15,34.57796782313684
50,6.988312381796167,32,40.48162412537569
41,35.25252979597555,8,45.45484471231161
6,13.857691604911553,39,11.82065362935069
49,33.91376455331738,37,44.49646386923472
47,56.53643440593196,17,52.339032375609975
19,49.25136850913552,15,25.276145155297918
26,20.805829482365482,7,32.98171071229039
5,30.94402421328772,22,18.180207442360008
26,55.26280786037856,35,32.98979921221596
8,77.47695252391038,2,29.384756772839946
44,67.78920948649895,14,52.14279487699369
30,49.80600241500734,37,33.59105697026355
20,32.60636984848376,32,24.21196403591876
25,32.85461497876249,17,32.13662854459983
39,79.14755792379565,22,51.44763402668902
47,3.531921843649176,42,37.94212750438273
44,88.91843799782349,2,60.0
12,59.793786976640604,29,28.505932353761125
48,61.302392916515146,44,50.731229693211986
22,3.419805357426794,16,25.082337828791182
19,54.497634740214494,49,27.023044719701385
36,43.63002540814023,31,40.28531196269628
27,9.52010162046603,45,24.449211088613204
16,25.012980969242317,6,27.40427328472188
27,80.1283010592286,38,38.66738133562109
40,49.498957427935764,13,45.28463327181597
1,37.20749176565179,14,18.39763483369289
24,6.541394025672985,43,20.738297300951313
49,64.2709374662075,11,53.614330098615895
40,63.25657410564293,7,48.10505588083289
5,55.26392462753072,15,23.800018989605032
10,45.92363815985843,40,25.528499378958298
37,39.04059619866354,33,36.98273725403461
5,53.394398368919305,45,18.719176956578202
44,21.005590655556603,23,41.8586704915527
10,84.71331577598829,28,31.999041144417287
13,52.99150762622066,15,28.721060182328745
1,28.007319991893887,4,18.08184224320565
39,40.471186579664156,4,45.37850871032603
2,72.51163099892031,29,19.882778226932068
34,14.54544546572677,49,27.999059556707586
32,26.355206021423434,49,30.745002396923365
23,61.15572204628999,4,38.665309892276376
18,28.39402858340015,42,21.210383377489308
17,71.32515136753193,12,38.395149425171375
48,11.740813845962474,34,42.73060663262179
23,68.64175534091477,48,28.460538009765344
44,6.151654336550961,24,38.18452627539842
34,1.1333351400745306,49,24.617232097080613
0,80.84011669489459,13,28.030588571233203
35,52.32052952390688,43,34.07542525487473
24,31.664420737813032,45,27.220367976472083
44,20.933517326746536,25,41.48335226060648
48,55.51972049347345,17,53.781758333574025
42,45.81019651830644,19,46.3575614174142
33,89.24379979769867,33,50.1374093351519
24,88.48943879883711,6,45.43374869347405
15,57.152210952744866,46,21.35425608471044
33,39.85834554953015,9,42.5301014332563
28,44.202687222119586,14,36.74684410563523
18,61.42311596131758,16,35.296449967322864
22,9.141708981184323,10,25.094183126718704
18,29.551686642964636,33,21.4356779654433
24,6.774501690324347,26,21.752146277814784
15,6.602468356522761,20,20.943285757842084
50,17.625531770481036,30,45.619463050912884
8,43.67279291339042,49,15.80066345754274
0,70.62968890465103,3,18.335737822863486
41,43.69463020492853,40,43.63827565977414
18,30.192894950478276,48,17.36353080405085
32,7.411769130308232,16,35.830176129432765
33,49.526597086481665,48,32.914490923343884
15,24.41417278348591,47,18.360988199360044
43,55.34407601254327,19,48.77884867801856
39,87.94689652191765,24,52.01908174624176
17,10.018288932979514,39,18.702225036240993
33,19.091285884974592,22,33.87913629430592
24,42.57850842894373,14,32.34755392771749
44,87.17524338113365,32,52.98815412434799
5,69.46287986429961,18,23.38893854262726
20,80.84062738465471,14,38.2998789620375
5,30.034336362821364,40,10.0
31,89.28346264007351,4,49.58761559255953
40,9.254953445774166,15,37.40364682238067
47,4.767561544149075,44,38.936377142375264
42,77.00423643486253,47,47.143518738232565
38,83.45383831862875,31,49.8452245336235
30,8.152682179149158,21,30.58458690881182
41,10.208468407125736,42,34.16356338445658
9,2.9856741980196433,31,12.952899469176169
29,9.405680637845169,12,27.69580360106539
17,18.84778351202528,37,22.802687666366854
23,87.30689570190009,25,38.72028679519286
8,60.10742000157124,16,24.864852638512488
30,70.06977229666879,4,42.30828471802483
14,69.852546332237,48,25.034085884162124
3,48.15663748012932,32,20.21840389484388
39,71.77400799417154,26,48.03058190999106
8,53.62267791509727,4,25.130966707537084
44,28.309148784302185,36,40.457119254235145
8,50.499909789156064,6,24.80393959384649
25,48.01577275210621,47,31.498070025480377
3,74.11077483833886,17,24.75983204197745
16,88.35544956434931,30,34.801479693211654
15,36.993830887883746,5,25.302420347050695
14,68.70516105972237,1,32.803434061324474
34,8.978670363432018,12,34.108775008623354
4,69.91482325034598,41,20.57058297745712
4,33.42752207939089,10,17.15375558108436
19,3.5451146600717998,25,19.2440138080856
14,32.69215607059595,20,24.20956016492653
17,54.95784758294803,1,33.66196384661984
46,10.73251509133199,39,40.47532833223193
1,83.16310431872292,50,20.22418850838779
28,6.990517194555473,19,23.995674072378403
12,83.70060478498496,16,37.45670283872927
3,63.642376614211784,15,22.560872341033
41,29.674095787278326,41,37.66477387412688
44,35.16753129381839,4,47.11718486575751
9,66.67284282594697,13,26.89238048928725
30,54.13239907930866,23,36.7390716090071
40,60.44786293094507,50,43.818679330672445
7,35.0248154862132,3,21.157870532961766
2,43.90321336268391,47,12.95176369181568
47,89.0880735634104,23,52.261999760812536
45,19.253058344974594,46,37.99763522893656
8,37.607056786991826,8,19.768194649912306
29,26.264086881657057,2,34.20794447241611
10,68.86003593958648,8,30.044567375823398
34,68.76113630991486,17,43.77520427815889
36,26.32009148976563,35,34.262935127155686
41,7.325128496968461,18,37.65818006329537
12,1.028940900498364,23,14.142761387906695
35,38.47054799182369,3,39.63348353889164
12,36.93038349021938,8,21.14306540416478
11,88.95508907758766,32,31.36416938354911
36,42.28218681279117,0,42.62342817379917
9,23.07765326178786,50,10.08448855091716
8,80.21064969283206,34,29.03345502344449
6,44.196115468822065,9,22.3652740882654
1,53.925807168952005,11,17.459260376638962
22,8.61018393853914,17,23.16276439578856
38,34.462476659679666,13,43.6353192662953
39,84.9801307026408,9,52.59516924349876
38,53.055484575788284,9,45.02435636301824
20,31.00516696282155,17,29.152383701568212
22,56.31004625684338,23,32.87637548267914
28,81.93699806203045,0,48.4467402651856
13,24.659154042533103,29,18.856430325106707
25,45.4605046623607,14,33.35136230283386
50,86.28215885205798,7,60.0
4,15.51565289686074,34,12.732485496100253
30,64.76975330370404,17,41.902976959498275
24,55.30329073826841,40,32.067748429307485
30,61.17076180265713,15,39.36937931505912
49,31.60976676008127,20,45.71332086971828
19,28.249143613538845,14,28.781380196951872
43,61.57887035295334,4,53.95745877630853
16,19.39889565940908,44,20.55696936324496
44,37.76892703731046,6,49.03588651834282
1,16.93571814476262,47,10.0
24,0.7474357010996768,6,26.911906253889878
12,87.30516240342625,26,32.22821896781577
38,38.853268079077715,24,41.89479795017799
27,87.24146529778427,21,43.11491179490496
41,12.629116779104347,47,35.294365361315855
5,52.86301015117375,12,24.107721651140793
2,18.087662951211563,16,10.102006673118856
34,71.10667142669473,40,44.213962109840274
17,70.53326898848778,43,29.441030592264365
10,10.134643413538061,12,20.14332840033414
19,82.08580075887502,25,38.508092539947945
4,17.516668248290216,8,13.041829714637503
18,55.16796074304243,4,33.034861854376516
21,88.70702580789336,38,33.00973796332402
18,79.41568812897275,32,32.91098366373415
46,86.09075357050521,3,59.679629929346795
15,30.83388940963075,27,24.310686498597345
23,9.501807799751703,25,24.38883379920809
40,16.95121859605051,3,41.82576287998772
3,45.04454055689524,15,17.45403330929399
14,71.39067104459899,36,28.640095589742046
24,13.51382797654877,21,25.172448783735895
43,59.37583790346814,35,47.2902844616653
34,29.121984363556066,37,36.85385263768162
13,30.708186515293814,34,20.02776388036264
48,59.57259571421337,24,49.1723287703705
18,42.02994775798982,7,30.34854206645754
37,73.08299637233945,16,49.52747076794961
35,14.032665869654435,17,32.92048028941175
6,71.09534427903347,49,23.552751166123123
29,5.781172325167878,11,28.613555769535274
18,17.464849222104448,32,19.772499410814497
48,59.05347430528489,22,48.549454286764146
24,76.9433090859964,11,41.07626066894878
15,22.741166496541414,10,27.180216338267044
46,29.447244524602166,12,47.02294898882496
39,48.34086734580659,34,40.399807142247596
50,19.04155258403721,26,45.9347452119507
7,73.00406354287551,24,27.501519015715374
17,69.62729805051848,39,32.296790074240526
27,13.076254076920344,2,28.745296487979836
15,41.74467586349689,48,24.75505471278361
18,69.73449899891592,24,33.37379195176159
41,30.35965779930733,44,41.67832067688543
16,56.97961404459585,9,31.557099236648916
44,4.519180931181546,16,40.4573622598477
12,54.78198844763862,2,27.159141831960078
6,13.738768200054631,44,12.317434970006396
26,74.75249926030062,21,37.84667389726784
9,31.990451722243062,37,17.685647628415595
33,25.339847645537613,13,35.35688997731223
35,75.68000790403364,26,45.559791820356374
24,4.512962076462919,41,23.723041962428137
5,35.69479194009103,19,17.078913367892543
23,33.300318651752825,47,27.921413706145117
17,25.632033682459575,17,23.662479841689642
22,82.05788988013293,12,40.27338995633732
5,67.583555416505,41,25.166345124906176
28,5.7530847772744895,5,30.244060937335423
24,64.32187044914586,9,38.16264790384243
16,47.45692198159146,36,25.57127917896599
45,81.07811049614213,28,52.855123054569624
23,28.165105561352263,5,28.980309957060154
10,51.67457996486246,38,25.753212378477507
25,45.06797472668874,10,34.200946489399726
50,44.06048156048452,47,43.71714100767602
33,41.049485956549134,24,37.399084372698134
27,18.506652797905314,43,26.86507718621684
2,68.01389302431535,43,18.137187396518687
10,40.62024294653598,29,20.676560393138132
37,86.26646475023452,19,49.97548712999656
13,23.472758447349868,36,19.245625274862032
50,61.4469455664337,15,56.67734482915594
25,84.66453716751975,30,39.54797942655977
47,59.71124907144833,28,55.821542510960754
20,78.41456168556552,5,41.01469562493598
38,74.47328637813055,28,47.28374403199981
29,32.410594394010346,31,29.495249616472822
7,54.01115459455469,8,24.730776238768303
50,14.063520583022003,36,44.04047541403014
19,48.19732944260396,22,31.28256623488126
47,20.73797746329035,15,41.09227484471336
31,66.93631334572011,17,42.767985821410484
21,47.525257970291214,18,30.543878202235778
6,37.01046263684945,43,18.146484864900184
8,24.19173865502798,1,20.535706273395835
44,89.88286336571582,9,52.858154054570626
0,6.453946879643942,11,10.377443373238076
28,3.9204612515178017,45,19.734329765618426
7,19.55316604444781,17,17.16086489071996
3,87.39652127650376,18,32.05370074097829
34,88.1314351487986,37,48.59697933986092
2,58.94349612949224,36,18.306355012642488
44,79.20960004857642,26,51.4229992526661
39,19.256555775671586,47,36.649641716320914
6,87.48378847589612,13,31.018538494645092
26,12.850636512560818,44,23.63644621887089
0,9.101266936349244,33,10.0
26,10.09903853225456,1,28.25632977984364
15,51.58151309453082,43,25.115670521764475
37,70.28769606462471,32,44.32401265848163
6,33.00004600871698,18,18.435704873898963
43,88.01063890075139,26,55.65766356222663
22,39.097812430649654,47,25.286145744507685
40,13.540369569589465,29,37.64827346631955
10,41.9370073367523,6,26.932059878455266
41,61.11334488801959,26,47.81303021675063
32,74.90032024539408,20,45.77919727878191
49,41.28914609609336,6,52.46310821485469
35,53.42461434442507,47,38.16744693826325
36,24.0610240942968,24,38.0864814942956
40,58.13248737649626,37,47.29492576456725
16,88.73747495553093,17,38.107477805551646
34,4.414821532901447,32,29.495725403192083
47,79.7877603634651,32,53.72262670283093
4,50.60542524907705,31,18.010972776941124
47,22.688879360606993,24,45.73263101674909
31,85.94007390083321,13,45.885535431432565
2,43.5018872753009,37,12.50163372768531
46,29.852122650604706,37,43.55827132189665
34,16.334786544375703,3,36.660243231559484
13,22.000698923099588,43,20.012772814737403
47,74.95641374322983,17,50.82799665600799
30,55.29690083854492,9,41.125549896220456
30,82.19210575394844,34,41.53096648546577
16,20.877160694200725,34,21.895990379442768
23,10.902471646401132,39,21.870508191664584
22,0.5478777878031005,22,21.057474636039405
17,45.70758338543944,24,29.313276822843033
49,89.84762373437893,0,60.0
13,62.5468741936775,17,28.864013445813068
49,27.755513276863148,14,47.59410384437875
14,78.91727247235545,24,34.524615704981734
14,70.35500393891637,31,31.538685101780725
5,1.387364946888533,19,12.990324364666003
26,73.51744324869202,16,39.69802689191096
14,27.047408151464637,10,22.392544326422048
49,13.470611812524098,12,48.4674098121196
35,20.36977557633671,24,36.19337662654076
7,42.17218239376251,19,19.00148011926037
14,38.23811343612099,24,23.634906692364602
2,25.999856943680406,41,10.619915511924855
46,15.499648998632944,44,38.48863803812323
12,68.60077106779524,48,24.335638162478798
40,89.10988053614254,30,53.78317966575934
33,70.00124223777213,0,48.15705671673505
23,26.63432709043871,15,33.68348929181208
39,22.032806527092003,47,37.227329018466975
31,19.58992884593444,27,31.840608943511107
31,12.302556704013266,20,33.994725522592844
29,49.61974947230711,29,36.57960309004962
48,54.48603347580097,2,59.03379033622213
12,63.49523945968235,33,25.51916087094934
0,61.219203384030116,5,22.399930511048062
33,26.309998015504423,42,30.860591332499496
14,29.72799048571619,28,20.7834725908212
43,61.33630818981041,2,51.384472889467936
13,31.45028767052655,32,23.062530946322845
28,19.136087065738174,10,32.34328140691118
33,33.69025383270656,44,28.320139527089907
17,24.48757418201799,4,26.38483259083351
6,7.948144909672003,49,10.0
28,74.71250120489881,31,39.01116189443399
30,76.78002502413327,46,41.757253024252236
24,19.777527015019153,17,25.518588507122132
37,5.829497957268157,46,27.709592182590637
13,66.49446936160615,19,26.22795121271448
7,19.03757632770723,38,12.232670065302251
26,35.40919404931742,48,24.70262516918694
1,5.772172701364493,39,10.0
16,20.364262628259166,27,20.763254177546248
36,71.36120504966722,12,48.299662169856276
13,72.39568022236817,25,28.00688499808888
24,18.637634239893938,15,28.99973756445165
29,30.23224605960206,24,32.96779243118193
28,12.081457718436921,9,31.74659568838933
19,6.675536725643014,28,18.35378446780016
20,89.29545430035685,45,39.07699843530094
21,59.00345561203553,37,28.671995174070123
34,48.78868582784869,19,39.45691829610443
36,68.89486503647696,25,46.258921991756246
15,75.60694437189517,31,31.20700500915485
49,72.60432912402548,38,54.81470360918075
48,1.4885504360888946,37,37.727882056723935
42,16.812710837144863,48,33.108944195549604
16,58.94147719060479,23,26.488174496753224
15,33.818341302356664,30,26.322891407941356
1,88.42343859549963,39,21.928702971354276
3,59.886431337442865,11,22.092495705632334
20,86.08940178562858,35,39.57066318567631
38,18.130183348121445,9,37.89185074235989
33,77.75613253035208,5,47.949710051101505
29,28.92170752337028,6,33.119243434065275
5,89.0608327414026,30,24.187547604301383
16,14.191980486583256,26,23.917949873343275
38,46.47058369544939,7,48.651385280223465
24,71.35600804534097,2,42.813293022653696
4,38.93782325436323,39,16.71259075184157
4,42.1275654168882,46,15.83424992745848
19,88.77202159551669,20,36.57580944638225
15,38.2777335271038,0,28.73700420334824
50,54.36648905391572,44,48.26573691289356
40,4.908569460763563,49,26.4522095028375
36,75.7989072189234,14,50.498320791754274
39,58.33512440815891,6,49.176324998610475
8,36.36180925765322,14,18.13792330160036
4,1.4552585959067776,24,10.0
41,53.250193853415354,2,51.154419546203144
1,1.1392045635745973,29,10.0
8,0.10832525181161179,13,10.27410643466725
42,55.44887059344192,3,47.6133984451111
35,17.011536060109883,35,36.36687558827752
21,17.269879474628578,2,27.985696407917313
21,58.79444092494693,4,37.97592136568697
21,4.832746914543685,24,25.743226388167187
33,28.20650053271007,30,33.32358889016552
28,13.448871192781716,10,31.493877260459996
37,52.21587328168805,7,41.3598967909109
45,59.55886392546562,25,48.447653815423635
32,64.90222682391392,1,46.381943801416185
17,22.970809522670887,27,22.059991432848083
6,8.03247764729256,47,10.0
0,7.081529124770805,9,11.92606001664784
32,38.35363936056514,49,33.84124759477899
0,85.12599681564436,38,21.98684481372615
23,19.595613082232216,36,25.00084323175151
3,23.10674412073944,38,10.0
3,9.079992189527303,20,10.0
17,54.501324650453725,27,31.461493684838675
26,61.18855865524574,37,36.47253880161904
42,57.8638087344684,32,44.594478107283834
31,77.50172187403031,10,45.828530780452496
32,43.778325152346454,44,31.771879570278564
27,12.1011336690358,43,23.914439065773568
41,26.04646176339714,0,44.98069866182794
40,59.61869760792166,46,43.54414710033716
35,55.18097763674039,32,40.96774401945916
5,47.79028167686663,2,20.99082252002398
15,61.466797681981845,25,26.870459188098586
33,57.365176533596944,14,44.37300614149455
22,79.31924005184565,40,38.651061424442275
49,52.741473973046695,13,53.998215444785394
41,70.07412228305009,22,49.07022302439795
23,22.38364403698211,7,31.976795530954902
48,61.03643261301612,35,48.87297110384918
12,81.19747065444082,19,33.895618610399545
17,34.71590951098499,5,26.899943304604587
12,70.1193768604782,32,26.528836197282878
48,65.23103710758919,27,51.93062424907018
36,5.357357718464023,49,28.719084509157568
42,52.33574786616651,37,46.147026022987106
38,11.717041428072214,29,31.9847447877905
41,87.0587255007532,45,48.152919282656576
16,73.02667524305906,42,29.924633815556312
14,9.87514211224081,16,20.49067893694794
17,10.957679788291056,8,19.4818487969864
22,53.502646942135705,27,30.469728422970753
50,31.0400256755865,6,46.81055304500221
29,3.141527316579835,45,22.77938601823786
33,48.74773570497478,27,37.92487392622453
3,34.906058971726225,16,17.68671425567428
2,9.096884313456838,39,10.0
6,72.17283530303844,47,22.891104268024918
17,82.35690887509254,43,30.902667902771743
41,68.0934540612717,43,45.18689295827768
6,74.01800790146496,4,30.346192777877352
39,19.484151053950562,4,43.286606414867975
5,23.72156558267409,13,14.984081963626013
21,18.767478626926895,5,26.379785536657998
0,68.85570882290075,6,22.16269716901888
3,85.31253710410473,16,25.42894782507832
45,64.51534860605123,8,50.332889465514675
48,79.33200883916004,30,54.90355796802412
49,57.48291853948553,21,51.32662624455108
42,34.88939105029191,44,39.97359051749668
28,38.318545343727465,8,39.48109214493338
20,6.778928895066435,15,22.8944864980834
25,2.8311475721423474,35,21.30482350730923
13,62.59280437701697,33,26.124114106941494
8,39.458600281006255,44,17.149100860833574
46,49.699356124916655,12,50.00894387213536
11,50.18951228601747,18,23.91224415848178
41,24.963823199997126,11,38.72928773171042
50,42.83032597465416,35,49.58340107742794
50,42.368419950093205,9,50.33721842296526
5,34.95844991050713,15,21.16664241488978
19,73.86078450609634,27,33.28429171927121
23,40.60476033188363,18,30.487914198625518
26,54.3280072055389,39,32.27261884015034
37,80.59681083427435,5,51.569743841165256
7,77.96102605730302,3,28.309362071695894
0,80.13799834012487,29,20.327206329397693
48,24.30044968185126,38,44.00480153278799
48,3.1484239477256546,30,37.69425206855468
23,23.49601199057963,45,25.14565783761795
46,25.08366110586378,26,44.97166039121542
6,81.84242940524712,44,25.303765632076104
18,58.43184595541736,20,31.75361993839179
21,7.353356364200589,36,17.16232596365068
34,12.184073640999102,8,32.61538312904491
29,14.010851298777787,34,25.29141849110526
28,56.737957335203085,41,34.04083631758611
21,66.18726229563028,46,31.099934705081953
10,77.36795195088565,20,27.091426726807445
19,84.65728957256188,16,37.486103240453716
28,18.15341016477976,23,31.14909084721728
50,27.879523625164417,30,44.07845286754553
40,21.62905926703476,5,39.93889650677887
41,32.288541071952395,34,42.419627212098874
33,82.31985966813744,49,40.35937150377708
0,51.76013102454254,36,15.636576487829663
30,66.43727075920492,12,44.965964810767986
29,44.11073125141038,24,33.15915773913964
47,2.5972122002512075,31,36.556078390400124
17,5.777593739803289,0,22.59255660881847
16,48.41307281410972,48,23.81781515528684
37,64.69101313380231,34,42.454992724647234
13,19.379747477585834,18,24.218514574545708
22,64.97186165930736,11,37.821625498187935
24,72.95991961351612,39,33.933359393805446
14,37.070773052590006,39,18.632138778177477
45,67.17773095596945,46,47.90954108928069
21,36.36269552956139,42,26.550215709781213
2,61.0515566509518,19,24.441220372706162
18,68.75973443875887,32,31.703576423066426
43,89.27339564772997,28,53.268901203893876
33,31.08569958572365,15,35.11399495951607
34,36.99367025171503,13,39.98949932635307
49,14.90580534691542,6,48.41454479508406
0,18.36657525616262,5,10.0
20,62.405550233853994,20,33.63049261523537
28,82.53410311390284,35,38.8165218608671
5,35.51444564951165,21,14.737775236991501
36,16.18600021519871,39,35.97516931059483
0,25.658954944469464,18,14.206383833968978
50,40.95465343273248,24,48.378485589375224
0,26.158529642883156,2,14.60876029453996
26,21.022117480967964,35,26.519853664475825
20,66.23860398813716,44,28.396466573513763
15,0.7060429116560873,33,14.609607198920083
43,48.53074746028348,10,49.87409014453267
39,71.43901263267784,47,43.40618760406475
25,23.96054576857214,41,27.070166232075792
15,54.29623595508156,46,23.34312847038178
27,60.2010095056756,26,34.67180630786192
0,58.9522226764581,41,18.02925718213347
35,40.12646707788459,1,38.114567873873426
9,31.192018908820128,5,25.358369295125666
42,75.23316657250321,45,49.69252204137924
16,68.26013612998779,1,35.06745353558559
22,28.912965607252126,41,24.14083444899677
6,9.271727499798548,16,12.918469246079109
43,6.462679090092227,39,35.94746145485694
6,8.484838010904244,47,10.0
43,52.45824250728385,13,46.7232976422701
14,4.649595824609072,9,19.515483079264865
33,30.323418746763455,44,33.08210407046894
45,67.78797317228064,32,49.65628677180869
44,26.49133498638403,41,44.4266381273902
3,68.69772694621169,11,23.921597739939767
13,67.09203343863497,31,24.34170358410432
13,22.12444193698947,48,14.304294138227528
15,65.5939962083471,23,31.57585493512243
6,67.29989744448906,13,24.26512749345538
31,35.770853310032415,4,36.26658943933139
18,18.93784353673664,50,21.67829085091392
1,46.91437262026822,4,19.82245006785303
9,82.92578292001767,46,24.78271942827366
49,57.56550591888558,31,45.62558788583229
16,15.563024786453507,44,18.953282110778904
36,61.44812322601679,48,40.32058967430299
11,38.448272455365114,32,23.191138499764513
5,53.23759176198357,45,15.208308066521562
21,66.06576315207971,3,36.716665315243745
31,46.34526163630003,29,37.216291261416515
40,73.25855771159777,40,49.16360347319619
19,64.9940021384965,16,34.415739554244574
0,55.35660060166596,2,19.356439959888093
46,13.571353424911635,12,45.70980340343151
5,75.23541998204115,43,21.472517728148524
18,84.23150267878344,47,32.756359109032125
17,12.326861142836535,35,20.616716689434064
5,43.94170164900875,17,22.864736636315822
44,23.299986777345403,22,42.897768358569444
32,67.90709766830082,34,46.05598467450659
22,64.946667240423,48,31.0102372170639
22,12.679660851335884,32,23.7230644380563
25,78.93245441354735,50,34.54919562152155
12,16.287575758020203,35,17.052697020130257
6,71.75331230832967,16,26.74496229345009
14,41.128232366520436,38,24.41705225723402
43,29.54450642023361,33,41.94792946935999
26,14.241533640679215,11,28.343829583503073
25,15.085283053196646,4,30.429863156948063
32,59.570149923081026,47,35.9192922552374
14,49.538734915240845,39,24.95673479059343
35,10.987687948610944,26,31.6792088934316
44,10.142807439449268,39,34.18255689741521
26,6.507951729551231,12,25.44137923779688
4,66.93906126361897,25,20.08781695413712
1,64.06938767063603,13,20.50774950959128
32,5.258789176911764,31,27.107166753254816
15,50.42430680372757,10,29.04065077453074
22,7.620853971842091,37,20.590237955013706
37,81.33711935480476,15,50.949788595568435
15,81.64056772621193,21,34.44356791355376
13,62.840969083181704,46,24.120397925582527
28,83.3570029295505,15,46.50603832111964
25,73.03077273723216,12,38.45327674853487
34,74.56847183343444,11,49.07658234649346
14,51.27370655129399,17,27.81705497205328
2,27.54532783945583,28,11.920279363556007
22,19.60192036047794,17,29.02922785095275
28,29.448001983503627,45,29.85390588578229
33,56.564588708015584,1,42.11170124639111
32,15.539088224915904,1,36.08577885268247
40,23.277621297358944,2,43.08149305894801
40,42.1254776515918,28,44.23986378623393
22,20.9745088672154,7,29.715620253576553
6,52.97793027444555,10,24.609394900257776
2,83.08584256106968,11,25.484407495167147
31,67.32804291328138,31,40.09619713941865
30,59.97839527340217,3,42.04140115645792
17,52.44493283854009,8,27.991588316410997
42,43.91531183313584,23,47.30637264772286
6,16.790747367119373,48,10.0
40,80.5239409884179,15,52.39223098642744
0,22.36824018115527,16,11.411463413983219
13,8.217798982034468,46,13.366682323943515
31,67.50136613058257,21,43.40535803923313
5,15.805398089804974,6,14.200445096416061
38,33.470639958705846,9,42.85728763401374
9,2.5456435461881757,28,13.541371947737364
6,12.336114828640326,35,10.0
25,15.588326768392086,23,28.98999110943771
33,4.896911497516015,45,30.064241448025452
29,59.09912609605607,13,44.21927406084322
35,75.33070162228056,13,47.09207523048348
20,33.598386572934686,24,27.501923034090144
16,78.71188290463806,45,30.696753897512483
32,19.201191710411386,21,34.42178046375723
9,29.285138120511554,49,18.3041071143276
50,13.566329372805155,46,41.786921130783234
46,55.85032758770988,22,51.098184879287814
41,37.78826317832762,31,39.418312083557225
50,55.19550121577088,25,56.386387881488076
11,68.55074148547652,50,22.959463212017543
15,49.11327144296536,26,21.10340611270748
40,56.48673194116091,44,38.14595272637647
31,84.17252829548997,11,47.53465914546854
14,26.91578786479588,18,19.93693024900231
26,32.324754477055784,18,32.072521147177696
27,64.59330255384032,33,33.87916626552887
16,55.0174965349848,31,28.163581802564362
45,16.067961408574334,28,41.64214270301293
49,33.853257900944115,20,48.42232461327777
1,42.105421181224344,34,12.628416346852926
35,37.74508541715504,41,37.65614127877764
49,16.04473274898367,4,46.11021956716222
6,83.1987082605836,11,28.813029199164923
12,68.60868855245782,6,30.202344772699796
14,43.322024889706704,40,21.92857261523586
24,61.20549254761529,1,42.63359634618423
22,80.75544049219697,24,37.94118555151556
21,12.255672812541409,9,23.26188103858377
25,22.53357456362799,37,24.53821451852305
32,48.843112253098056,43,35.16625487709729
10,71.91093342171227,5,29.042906135561907
9,3.262940589737464,26,14.95190683517237
24,88.56163351767245,34,36.578443753015684
36,40.941594259415744,9,41.80018528407292
47,32.33080265595507,8,50.18743398604987
42,26.345199405579468,19,40.558852134017044
37,15.692103688578447,36,34.51653805945644
40,71.24165180370251,34,47.06766727354485
44,85.98727482714868,36,52.53434496552841
23,37.22802793608584,39,28.71939207694069
39,85.71786252781106,7,49.675848897551084
45,74.14178538915307,45,51.985081044946995
32,43.29460147286865,30,32.764945673575696
16,60.66235612135195,48,28.404303082802368
23,39.14857612534166,42,28.497739657645816
36,50.285106739129716,15,43.9533031586578
1,5.224170331665343,27,10.923963587846924
31,62.663712777047984,5,45.84964660985422
23,4.754218003572303,31,24.029193807417588
8,73.53764522276846,27,25.668470437722625
3,74.24522365145017,10,24.727617291231006
16,21.336955880059314,41,21.000344214945287
16,29.129650293222024,22,24.631624552824043
49,43.317934070246395,29,49.21593269982425
47,53.69966162392333,8,52.32604069550788
29,25.861829556779703,27,30.606751966261527
39,53.32377641687325,23,41.73475698421413
10,26.800836590636898,27,19.59728217217369
20,4.994164896395461,23,21.185467257262694
20,0.22747948487180536,14,21.452130165684302
17,9.103595212658574,38,14.395600756895172
28,71.30256301476165,49,36.69591533955544
23,86.52881811450034,32,35.879014278774214
9,38.42695793530973,46,16.216132021297398
44,46.14155581049485,33,46.66371706140743
16,13.216335216608352,21,20.819821083141935
17,49.59282174121413,28,27.40780485928851
41,13.018941180627916,33,34.90055483625539
47,55.0092898078947,41,46.65677516868873
19,83.99328008227684,46,36.36938276081279
36,17.612868537273563,9,38.93204546286529
44,68.81073462513918,50,46.13795158705043
17,2.115218053649164,44,15.511984893265986
16,33.79475171894589,29,24.103617569456176
8,9.967365704745815,10,16.969639704143585
13,31.72278974361295,33,20.445925839174556
48,15.618322767499516,20,40.182907506938854
28,33.597449111059866,12,34.456531258793305
30,37.57705254967773,24,34.73043040690942
3,27.053201050282652,20,18.625238664629222
17,59.09597545258162,0,39.102701682258285
19,82.69668461330187,4,40.52366629263683
46,36.05358366947451,21,44.906460912259156
42,17.31088408275193,6,43.32020896863804
43,24.3650482376385,12,39.77602448415127
8,76.86007411467321,44,23.306652209105906
12,51.44757509431331,22,22.136745269853613
14,40.95099290762615,20,26.09130447735595
26,13.467304935803403,5,27.722118865392478
14,40.475457749140375,19,24.47111171490791
27,25.0642803021648,11,32.17458450809664
36,84.88468150680143,39,46.26907822063076
18,79.56630984741581,8,36.36752064547647
25,7.551228764537821,49,22.33367781484369
25,46.49881403351186,27,30.241287737347587
24,20.255251096320485,10,32.82960910480925
25,36.969938057186155,31,28.17585761915491
25,78.91631984263108,10,41.86265925888939
45,47.47630678996903,23,48.79518750358097
27,30.079376403368386,14,34.18130744253196
48,18.709951869449736,40,42.892711378331114
17,72.02923734658403,34,28.020314481361805
31,56.20662138279124,16,38.70654030603169
2,42.12589143836081,24,16.49689398677794
1,19.573591847668023,48,10.0
32,30.08217367414182,34,35.83069135135031
41,86.38590840646667,18,52.24914385291109
18,46.80809438452509,40,24.151630889916756
16,36.062935311892765,30,22.818927650156834
43,46.92798381134915,16,51.60446103246706
32,70.10896553096478,49,42.07264916566224
11,30.60980428525819,22,20.182976915437226
48,16.083550883934798,46,42.48631757652945
2,52.6442506505143,0,20.783880517012538
42,59.86836931329604,9,51.93271108651212
48,64.14462026626947,7,52.62108663350595
25,79.37888316895167,41,37.93875721735737
34,33.40567086202017,25,38.77007402246301
7,6.781940660600262,33,10.653121328244874
35,86.2513725267848,18,50.27710590985371
6,39.15107346937277,13,18.95709966432719
45,56.09317587058182,7,52.27572246812223
45,59.9674790815463,50,45.030407300587164
35,49.18623378310832,0,45.9755223847617
15,18.47317767626431,47,14.615900222942692
23,67.96287451045274,24,34.062140023864785
0,72.33767768736735,23,23.628953343904122
48,49.76780274156958,46,41.73461108589097
24,43.97050445263574,19,31.462083803450156
9,10.254436481518677,29,13.716726791725494
15,7.555649534980545,4,22.117145532261976
15,30.560836100717587,2,25.356554271743093
7,27.976153996565394,31,13.59370931947295
28,85.82908058669442,16,46.8183769441743
38,70.52604681990869,41,46.66172495330892
27,59.3931865733154,4,39.42005768749081
5,46.58832801158446,10,17.736323578095853
15,15.06307776539862,37,18.57495175060864
19,88.06110049658555,3,40.8257211808343
15,33.753662841618905,38,20.21661512031239
6,9.623304220252033,18,10.0
40,44.44190061441715,38,40.64527169734239
13,78.6598210451775,45,29.615075800951793
42,79.85619015995965,48,50.005572703468665
25,0.986932445080253,22,24.309017294662677
25,79.76661702762597,16,39.806376571344245
13,24.433579574987267,12,23.655642845647627
6,3.507512757158077,26,10.0
32,76.30112433265869,0,44.9506478318573
25,77.74800803893875,1,42.72268071608303
44,53.660797185811504,17,52.07505346859216
19,51.69903815667225,35,31.557711964677395
2,73.18082453592774,44,16.800609231326323
3,70.76785974392519,32,20.579056182345596
25,80.10949260984337,35,43.13969008207577
10,49.747270283703315,1,25.422617412874242
1,87.08823834595279,3,30.907125833959185
13,89.65321478400045,15,36.73266408558761
43,10.489014899876933,3,44.129519199317926
29,76.45893835987098,8,43.500076074307884
48,44.98400319737301,48,44.56428011237529
11,34.88097044698489,20,19.854961693987846
25,55.17650788944435,22,36.832964446435845
43,5.036900153580632,1,37.68436268150576
32,45.58150068903719,2,40.88949923631164
12,78.38015130240001,22,34.04497405709466
13,19.211536452507193,25,20.381387305339338
23,38.37509052924826,46,28.88029517044207
33,84.5532798943388,6,45.82256470655806
43,38.570745402512756,35,40.57598309150541
25,32.25308690991585,43,29.868930340627827
20,39.64829833110404,32,27.381224602300097
27,46.75074898658007,48,28.970866319915675
47,56.8792209718322,35,50.27861626056703
35,72.0623520825058,3,47.395352520998976
39,40.68919851878828,22,47.21295792506973
1,73.57328415811263,24,23.01271939213272
41,48.03485952168726,40,40.461748233403824
8,30.46324593311799,25,19.7046895547349
22,59.215574530747276,27,36.422651539836956
14,64.59500292691422,27,28.657091830233153
12,50.22440780665388,20,23.909015268136677
22,5.0953475821251075,9,25.15771255375859
16,15.28945876447424,26,19.132297679972528
47,25.67679488012054,50,40.01872910287694
1,25.43630453563438,50,10.0
19,60.60787202221835,14,35.072004354770435
19,1.6513795506269324,16,18.931717788719737
45,68.01135993445679,38,50.618595845755834
2,23.880822732623987,34,10.467964318886501
11,27.901966159449216,4,23.12619613940065
39,47.51188451495318,15,43.602967884981
1,19.433304084506176,22,11.679095039573598
35,79.60241822179748,38,45.58577971361746
13,7.6831901393908755,47,12.884910082347265
15,39.99441260709584,8,23.839794926685645
18,76.4480042509401,32,33.76363160739077
33,55.42595049791122,34,39.86684853598098
43,26.30965642583701,39,36.64645127030566
45,37.86841869988147,49,39.76152617519046
5,63.602494230826316,23,22.074904125456502
12,87.59346690275095,23,27.878967989489052
35,80.38248465414901,49,44.64230916615009
21,30.81895275441391,23,26.43617987766861
17,89.83780913590718,18,37.74470277762541
11,0.31541971779524447,38,10.0
29,2.486678022757358,24,31.23231264174604
50,74.14564636540744,30,52.487950391101954
39,17.951641814974682,37,34.34338124902664
6,5.4692341556616775,24,14.092014310542769
31,21.3433265912852,26,29.769834370867645
47,38.34901385827742,31,46.101839698598745
18,65.75096433900643,10,35.503878990165404
5,56.19019738960849,4,21.12509915865721
19,21.38590958043784,43,19.789871193800867
26,45.294340329052595,32,32.83919445476154
42,83.35926948587118,18,54.278494896677294
36,73.35069992853819,42,41.92554376122893
47,29.087080634861405,46,45.498550877248505
6,88.40381052201266,15,30.592649380953603
4,63.77583603916179,34,22.008471694217242
10,5.62044201001036,10,18.060066684618665
14,3.164464195977481,10,15.80627803084068
2,15.156715410902699,9,12.851802947891516
4,65.50702812451321,33,20.918931020977226
22,16.53650332581851,4,27.598582156819074
36,46.033809228795015,22,41.521677872955834
8,8.393410816274857,24,10.0
14,82.87975420471756,28,32.43212261736343
2,30.95645522252108,39,11.134660095853954
28,81.73188509045677,12,39.91429478542717
5,85.03880777194898,46,24.45260719874507
16,0.5515782582312712,31,14.297923102633497
25,41.772166847885885,33,30.143390878402204
20,2.21904501362036,11,22.285009863701745
7,81.78234896726153,23,24.11409104453816
20,46.656679026111824,39,24.012637137244727
10,6.744961142864714,20,16.439743402130304
37,9.924905544891018,28,32.477344792536634
7,34.51581220434652,50,13.517349205456988
41,84.62107735856006,22,52.469898680983356
23,62.36182364112728,32,30.25593272181637
34,78.08569795702192,7,47.551728718943934
13,32.981098170598166,41,19.324981477022007
13,3.8892329594998487,12,21.606916840056293
9,87.68858734839726,4,31.397134168351183
11,1.5455691596132592,40,13.586872994171074
37,85.28864877729801,9,51.604140560092425
43,33.18096814642303,13,42.51501346984135
45,0.9081364519693369,23,36.965744896896084
33,62.02415085520575,10,45.73735889429659
40,88.24862736282188,45,50.45371644575989
9,86.90631505538333,2,32.34070369056292
16,14.484331008217659,28,20.584315629419024
16,16.312302545953948,47,15.33843111562407
2,50.898502315769406,29,16.876584356721352
30,57.3574343785492,48,34.41230062619323
50,66.5476122299279,36,54.773076977035835
0,16.294532442493274,6,13.284591646638194
11,86.3106378087991,16,31.209993095020582
38,57.48653306603141,19,44.0943199393493
3,76.23422269834994,10,25.78874463464066
41,48.60591437557546,43,41.64860920776669
12,37.28491628308943,24,21.69793626320999
33,87.94646159354964,23,46.53538286019847
41,52.39092337378524,1,51.78655863352663
20,78.0186224519261,26,34.79988392418821
21,85.79631567296609,18,39.75922554011837
3,60.78191643077933,28,24.90172103723391
17,49.404481066680745,36,24.687918353286396
4,0.3159765819585558,10,11.74863000337118
18,3.601767666510539,18,21.1092830200046
1,18.07660944460047,27,10.243127784707728
11,16.740758867039574,38,15.430364741568155
16,22.92829156798608,20,21.027689252142647
9,27.444117392789476,25,18.756512243745497
33,32.40589441956554,21,32.75670845433368
5,37.84839210619889,5,23.915352956881783
7,8.89797046104132,10,18.605672658375706
50,3.8125738757503838,13,43.15405110883613
10,60.65500041657211,35,25.984503483233176
11,48.36013423587699,39,20.935288616581413
8,39.97297819981077,40,17.614215696505067
1,57.09959470515171,1,20.60804816313152
7,74.49114664831865,42,25.137773399166804
10,38.49236182045841,19,20.685894451042856
35,57.700751854678145,21,44.46046008683509
9,85.82150014516428,38,27.680212493104236
20,75.56620462754047,3,38.6287483488861
19,38.34007294521685,28,23.785370019986566
47,58.024515403326866,45,47.87460714185403
7,15.93638297243458,23,12.345594315131287
35,50.44699664055809,0,44.712588211279
28,88.31954620245985,23,47.69344576696535
41,46.648360368227,29,40.90056491541128
11,83.48744692711325,11,32.453678535345304
13,36.660142845293464,18,22.46103308745841
47,89.89603444661681,36,53.398570293832705
49,52.1298031704802,39,47.29347767930128
20,3.8042094812341096,42,21.402487641642704
21,52.80793170222493,3,38.28455834812891
20,24.711542611163697,14,24.749618652720308
43,2.9233189832305237,19,38.63648222588992
49,73.8767974225197,43,50.78737285739144
29,24.815667328268034,19,31.056486026872143
